,id,name,slug,games_count,year_start,year_end
0,4,PC,pc,562066,,
1,187,PlayStation 5,playstation5,1536,2020.0,
2,1,Xbox One,xbox-one,5745,,
3,18,PlayStation 4,playstation4,7045,,
4,186,Xbox Series S/X,xbox-series-x,1287,2020.0,
5,7,Nintendo Switch,nintendo-switch,5789,,
6,3,iOS,ios,77454,,
7,21,Android,android,52536,,
8,8,Nintendo 3DS,nintendo-3ds,1682,,
9,9,Nintendo DS,nintendo-ds,2506,,
10,13,Nintendo DSi,nintendo-dsi,37,,
11,5,macOS,macos,108208,,
12,6,Linux,linux,80556,,
13,14,Xbox 360,xbox360,2833,,
14,80,Xbox,xbox-old,881,,
15,16,PlayStation 3,playstation3,3209,,
16,15,PlayStation 2,playstation2,3151,,
17,27,PlayStation,playstation1,1699,,
18,19,PS Vita,ps-vita,1461,,
19,17,PSP,psp,1456,,
20,10,Wii U,wii-u,1114,,
21,11,Wii,wii,2238,,
22,105,GameCube,gamecube,673,,
23,83,Nintendo 64,nintendo-64,363,,
24,24,Game Boy Advance,game-boy-advance,964,,
25,43,Game Boy Color,game-boy-color,429,,
26,26,Game Boy,game-boy,617,,
27,79,SNES,snes,991,,
28,49,NES,nes,1025,,
29,55,Classic Macintosh,macintosh,675,,
30,41,Apple II,apple-ii,424,,
31,166,Commodore / Amiga,commodore-amiga,2084,,
32,28,Atari 7800,atari-7800,64,,
33,31,Atari 5200,atari-5200,64,,
34,23,Atari 2600,atari-2600,294,,
35,22,Atari Flashback,atari-flashback,30,,
36,25,Atari 8-bit,atari-8-bit,309,,
37,34,Atari ST,atari-st,836,,
38,46,Atari Lynx,atari-lynx,57,,
39,50,Atari XEGS,atari-xegs,22,,
40,167,Genesis,genesis,850,,
41,107,SEGA Saturn,sega-saturn,378,,
42,119,SEGA CD,sega-cd,163,,
43,117,SEGA 32X,sega-32x,46,,
44,74,SEGA Master System,sega-master-system,240,,
45,106,Dreamcast,dreamcast,380,,
46,111,3DO,3do,101,,
47,112,Jaguar,jaguar,40,,
48,77,Game Gear,game-gear,230,,
49,12,Neo Geo,neogeo,126,,
50,4,PC,pc,562066,,
51,187,PlayStation 5,playstation5,1536,2020.0,
52,1,Xbox One,xbox-one,5745,,
53,18,PlayStation 4,playstation4,7045,,
54,186,Xbox Series S/X,xbox-series-x,1287,2020.0,
55,7,Nintendo Switch,nintendo-switch,5789,,
56,3,iOS,ios,77454,,
57,21,Android,android,52536,,
58,8,Nintendo 3DS,nintendo-3ds,1682,,
59,9,Nintendo DS,nintendo-ds,2506,,
60,13,Nintendo DSi,nintendo-dsi,37,,
61,5,macOS,macos,108208,,
62,6,Linux,linux,80556,,
63,14,Xbox 360,xbox360,2833,,
64,80,Xbox,xbox-old,881,,
65,16,PlayStation 3,playstation3,3209,,
66,15,PlayStation 2,playstation2,3151,,
67,27,PlayStation,playstation1,1699,,
68,19,PS Vita,ps-vita,1461,,
69,17,PSP,psp,1456,,
70,10,Wii U,wii-u,1114,,
71,11,Wii,wii,2238,,
72,105,GameCube,gamecube,673,,
73,83,Nintendo 64,nintendo-64,363,,
74,24,Game Boy Advance,game-boy-advance,964,,
75,43,Game Boy Color,game-boy-color,429,,
76,26,Game Boy,game-boy,617,,
77,79,SNES,snes,991,,
78,49,NES,nes,1025,,
79,55,Classic Macintosh,macintosh,675,,
80,41,Apple II,apple-ii,424,,
81,166,Commodore / Amiga,commodore-amiga,2084,,
82,28,Atari 7800,atari-7800,64,,
83,31,Atari 5200,atari-5200,64,,
84,23,Atari 2600,atari-2600,294,,
85,22,Atari Flashback,atari-flashback,30,,
86,25,Atari 8-bit,atari-8-bit,309,,
87,34,Atari ST,atari-st,836,,
88,46,Atari Lynx,atari-lynx,57,,
89,50,Atari XEGS,atari-xegs,22,,
90,167,Genesis,genesis,850,,
91,107,SEGA Saturn,sega-saturn,378,,
92,119,SEGA CD,sega-cd,163,,
93,117,SEGA 32X,sega-32x,46,,
94,74,SEGA Master System,sega-master-system,240,,
95,106,Dreamcast,dreamcast,380,,
96,111,3DO,3do,101,,
97,112,Jaguar,jaguar,40,,
98,77,Game Gear,game-gear,230,,
99,12,Neo Geo,neogeo,126,,
100,4,PC,pc,562066,,
101,187,PlayStation 5,playstation5,1536,2020.0,
102,1,Xbox One,xbox-one,5745,,
103,18,PlayStation 4,playstation4,7045,,
104,186,Xbox Series S/X,xbox-series-x,1287,2020.0,
105,7,Nintendo Switch,nintendo-switch,5789,,
106,3,iOS,ios,77454,,
107,21,Android,android,52536,,
108,8,Nintendo 3DS,nintendo-3ds,1682,,
109,9,Nintendo DS,nintendo-ds,2506,,
110,13,Nintendo DSi,nintendo-dsi,37,,
111,5,macOS,macos,108208,,
112,6,Linux,linux,80556,,
113,14,Xbox 360,xbox360,2833,,
114,80,Xbox,xbox-old,881,,
115,16,PlayStation 3,playstation3,3209,,
116,15,PlayStation 2,playstation2,3151,,
117,27,PlayStation,playstation1,1699,,
118,19,PS Vita,ps-vita,1461,,
119,17,PSP,psp,1456,,
120,10,Wii U,wii-u,1114,,
121,11,Wii,wii,2238,,
122,105,GameCube,gamecube,673,,
123,83,Nintendo 64,nintendo-64,363,,
124,24,Game Boy Advance,game-boy-advance,964,,
125,43,Game Boy Color,game-boy-color,429,,
126,26,Game Boy,game-boy,617,,
127,79,SNES,snes,991,,
128,49,NES,nes,1025,,
129,55,Classic Macintosh,macintosh,675,,
130,41,Apple II,apple-ii,424,,
131,166,Commodore / Amiga,commodore-amiga,2084,,
132,28,Atari 7800,atari-7800,64,,
133,31,Atari 5200,atari-5200,64,,
134,23,Atari 2600,atari-2600,294,,
135,22,Atari Flashback,atari-flashback,30,,
136,25,Atari 8-bit,atari-8-bit,309,,
137,34,Atari ST,atari-st,836,,
138,46,Atari Lynx,atari-lynx,57,,
139,50,Atari XEGS,atari-xegs,22,,
140,167,Genesis,genesis,850,,
141,107,SEGA Saturn,sega-saturn,378,,
142,119,SEGA CD,sega-cd,163,,
143,117,SEGA 32X,sega-32x,46,,
144,74,SEGA Master System,sega-master-system,240,,
145,106,Dreamcast,dreamcast,380,,
146,111,3DO,3do,101,,
147,112,Jaguar,jaguar,40,,
148,77,Game Gear,game-gear,230,,
149,12,Neo Geo,neogeo,126,,
150,4,PC,pc,562066,,
151,187,PlayStation 5,playstation5,1536,2020.0,
152,1,Xbox One,xbox-one,5745,,
153,18,PlayStation 4,playstation4,7045,,
154,186,Xbox Series S/X,xbox-series-x,1287,2020.0,
155,7,Nintendo Switch,nintendo-switch,5789,,
156,3,iOS,ios,77454,,
157,21,Android,android,52536,,
158,8,Nintendo 3DS,nintendo-3ds,1682,,
159,9,Nintendo DS,nintendo-ds,2506,,
160,13,Nintendo DSi,nintendo-dsi,37,,
161,5,macOS,macos,108208,,
162,6,Linux,linux,80556,,
163,14,Xbox 360,xbox360,2833,,
164,80,Xbox,xbox-old,881,,
165,16,PlayStation 3,playstation3,3209,,
166,15,PlayStation 2,playstation2,3151,,
167,27,PlayStation,playstation1,1699,,
168,19,PS Vita,ps-vita,1461,,
169,17,PSP,psp,1456,,
170,10,Wii U,wii-u,1114,,
171,11,Wii,wii,2238,,
172,105,GameCube,gamecube,673,,
173,83,Nintendo 64,nintendo-64,363,,
174,24,Game Boy Advance,game-boy-advance,964,,
175,43,Game Boy Color,game-boy-color,429,,
176,26,Game Boy,game-boy,617,,
177,79,SNES,snes,991,,
178,49,NES,nes,1025,,
179,55,Classic Macintosh,macintosh,675,,
180,41,Apple II,apple-ii,424,,
181,166,Commodore / Amiga,commodore-amiga,2084,,
182,28,Atari 7800,atari-7800,64,,
183,31,Atari 5200,atari-5200,64,,
184,23,Atari 2600,atari-2600,294,,
185,22,Atari Flashback,atari-flashback,30,,
186,25,Atari 8-bit,atari-8-bit,309,,
187,34,Atari ST,atari-st,836,,
188,46,Atari Lynx,atari-lynx,57,,
189,50,Atari XEGS,atari-xegs,22,,
190,167,Genesis,genesis,850,,
191,107,SEGA Saturn,sega-saturn,378,,
192,119,SEGA CD,sega-cd,163,,
193,117,SEGA 32X,sega-32x,46,,
194,74,SEGA Master System,sega-master-system,240,,
195,106,Dreamcast,dreamcast,380,,
196,111,3DO,3do,101,,
197,112,Jaguar,jaguar,40,,
198,77,Game Gear,game-gear,230,,
199,12,Neo Geo,neogeo,126,,
200,4,PC,pc,562066,,
201,187,PlayStation 5,playstation5,1536,2020.0,
202,1,Xbox One,xbox-one,5745,,
203,18,PlayStation 4,playstation4,7045,,
204,186,Xbox Series S/X,xbox-series-x,1287,2020.0,
205,7,Nintendo Switch,nintendo-switch,5789,,
206,3,iOS,ios,77454,,
207,21,Android,android,52536,,
208,8,Nintendo 3DS,nintendo-3ds,1682,,
209,9,Nintendo DS,nintendo-ds,2506,,
210,13,Nintendo DSi,nintendo-dsi,37,,
211,5,macOS,macos,108208,,
212,6,Linux,linux,80556,,
213,14,Xbox 360,xbox360,2833,,
214,80,Xbox,xbox-old,881,,
215,16,PlayStation 3,playstation3,3209,,
216,15,PlayStation 2,playstation2,3151,,
217,27,PlayStation,playstation1,1699,,
218,19,PS Vita,ps-vita,1461,,
219,17,PSP,psp,1456,,
220,10,Wii U,wii-u,1114,,
221,11,Wii,wii,2238,,
222,105,GameCube,gamecube,673,,
223,83,Nintendo 64,nintendo-64,363,,
224,24,Game Boy Advance,game-boy-advance,964,,
225,43,Game Boy Color,game-boy-color,429,,
226,26,Game Boy,game-boy,617,,
227,79,SNES,snes,991,,
228,49,NES,nes,1025,,
229,55,Classic Macintosh,macintosh,675,,
230,41,Apple II,apple-ii,424,,
231,166,Commodore / Amiga,commodore-amiga,2084,,
232,28,Atari 7800,atari-7800,64,,
233,31,Atari 5200,atari-5200,64,,
234,23,Atari 2600,atari-2600,294,,
235,22,Atari Flashback,atari-flashback,30,,
236,25,Atari 8-bit,atari-8-bit,309,,
237,34,Atari ST,atari-st,836,,
238,46,Atari Lynx,atari-lynx,57,,
239,50,Atari XEGS,atari-xegs,22,,
240,167,Genesis,genesis,850,,
241,107,SEGA Saturn,sega-saturn,378,,
242,119,SEGA CD,sega-cd,163,,
243,117,SEGA 32X,sega-32x,46,,
244,74,SEGA Master System,sega-master-system,240,,
245,106,Dreamcast,dreamcast,380,,
246,111,3DO,3do,101,,
247,112,Jaguar,jaguar,40,,
248,77,Game Gear,game-gear,230,,
249,12,Neo Geo,neogeo,126,,
250,4,PC,pc,562066,,
251,187,PlayStation 5,playstation5,1536,2020.0,
252,1,Xbox One,xbox-one,5745,,
253,18,PlayStation 4,playstation4,7045,,
254,186,Xbox Series S/X,xbox-series-x,1287,2020.0,
255,7,Nintendo Switch,nintendo-switch,5789,,
256,3,iOS,ios,77454,,
257,21,Android,android,52536,,
258,8,Nintendo 3DS,nintendo-3ds,1682,,
259,9,Nintendo DS,nintendo-ds,2506,,
260,13,Nintendo DSi,nintendo-dsi,37,,
261,5,macOS,macos,108208,,
262,6,Linux,linux,80556,,
263,14,Xbox 360,xbox360,2833,,
264,80,Xbox,xbox-old,881,,
265,16,PlayStation 3,playstation3,3209,,
266,15,PlayStation 2,playstation2,3151,,
267,27,PlayStation,playstation1,1699,,
268,19,PS Vita,ps-vita,1461,,
269,17,PSP,psp,1456,,
270,10,Wii U,wii-u,1114,,
271,11,Wii,wii,2238,,
272,105,GameCube,gamecube,673,,
273,83,Nintendo 64,nintendo-64,363,,
274,24,Game Boy Advance,game-boy-advance,964,,
275,43,Game Boy Color,game-boy-color,429,,
276,26,Game Boy,game-boy,617,,
277,79,SNES,snes,991,,
278,49,NES,nes,1025,,
279,55,Classic Macintosh,macintosh,675,,
280,41,Apple II,apple-ii,424,,
281,166,Commodore / Amiga,commodore-amiga,2084,,
282,28,Atari 7800,atari-7800,64,,
283,31,Atari 5200,atari-5200,64,,
284,23,Atari 2600,atari-2600,294,,
285,22,Atari Flashback,atari-flashback,30,,
286,25,Atari 8-bit,atari-8-bit,309,,
287,34,Atari ST,atari-st,836,,
288,46,Atari Lynx,atari-lynx,57,,
289,50,Atari XEGS,atari-xegs,22,,
290,167,Genesis,genesis,850,,
291,107,SEGA Saturn,sega-saturn,378,,
292,119,SEGA CD,sega-cd,163,,
293,117,SEGA 32X,sega-32x,46,,
294,74,SEGA Master System,sega-master-system,240,,
295,106,Dreamcast,dreamcast,380,,
296,111,3DO,3do,101,,
297,112,Jaguar,jaguar,40,,
298,77,Game Gear,game-gear,230,,
299,12,Neo Geo,neogeo,126,,
300,4,PC,pc,562066,,
301,187,PlayStation 5,playstation5,1536,2020.0,
302,1,Xbox One,xbox-one,5745,,
303,18,PlayStation 4,playstation4,7045,,
304,186,Xbox Series S/X,xbox-series-x,1287,2020.0,
305,7,Nintendo Switch,nintendo-switch,5789,,
306,3,iOS,ios,77454,,
307,21,Android,android,52536,,
308,8,Nintendo 3DS,nintendo-3ds,1682,,
309,9,Nintendo DS,nintendo-ds,2506,,
310,13,Nintendo DSi,nintendo-dsi,37,,
311,5,macOS,macos,108208,,
312,6,Linux,linux,80556,,
313,14,Xbox 360,xbox360,2833,,
314,80,Xbox,xbox-old,881,,
315,16,PlayStation 3,playstation3,3209,,
316,15,PlayStation 2,playstation2,3151,,
317,27,PlayStation,playstation1,1699,,
318,19,PS Vita,ps-vita,1461,,
319,17,PSP,psp,1456,,
320,10,Wii U,wii-u,1114,,
321,11,Wii,wii,2238,,
322,105,GameCube,gamecube,673,,
323,83,Nintendo 64,nintendo-64,363,,
324,24,Game Boy Advance,game-boy-advance,964,,
325,43,Game Boy Color,game-boy-color,429,,
326,26,Game Boy,game-boy,617,,
327,79,SNES,snes,991,,
328,49,NES,nes,1025,,
329,55,Classic Macintosh,macintosh,675,,
330,41,Apple II,apple-ii,424,,
331,166,Commodore / Amiga,commodore-amiga,2084,,
332,28,Atari 7800,atari-7800,64,,
333,31,Atari 5200,atari-5200,64,,
334,23,Atari 2600,atari-2600,294,,
335,22,Atari Flashback,atari-flashback,30,,
336,25,Atari 8-bit,atari-8-bit,309,,
337,34,Atari ST,atari-st,836,,
338,46,Atari Lynx,atari-lynx,57,,
339,50,Atari XEGS,atari-xegs,22,,
340,167,Genesis,genesis,850,,
341,107,SEGA Saturn,sega-saturn,378,,
342,119,SEGA CD,sega-cd,163,,
343,117,SEGA 32X,sega-32x,46,,
344,74,SEGA Master System,sega-master-system,240,,
345,106,Dreamcast,dreamcast,380,,
346,111,3DO,3do,101,,
347,112,Jaguar,jaguar,40,,
348,77,Game Gear,game-gear,230,,
349,12,Neo Geo,neogeo,126,,
350,4,PC,pc,562066,,
351,187,PlayStation 5,playstation5,1536,2020.0,
352,1,Xbox One,xbox-one,5745,,
353,18,PlayStation 4,playstation4,7045,,
354,186,Xbox Series S/X,xbox-series-x,1287,2020.0,
355,7,Nintendo Switch,nintendo-switch,5789,,
356,3,iOS,ios,77454,,
357,21,Android,android,52536,,
358,8,Nintendo 3DS,nintendo-3ds,1682,,
359,9,Nintendo DS,nintendo-ds,2506,,
360,13,Nintendo DSi,nintendo-dsi,37,,
361,5,macOS,macos,108208,,
362,6,Linux,linux,80556,,
363,14,Xbox 360,xbox360,2833,,
364,80,Xbox,xbox-old,881,,
365,16,PlayStation 3,playstation3,3209,,
366,15,PlayStation 2,playstation2,3151,,
367,27,PlayStation,playstation1,1699,,
368,19,PS Vita,ps-vita,1461,,
369,17,PSP,psp,1456,,
370,10,Wii U,wii-u,1114,,
371,11,Wii,wii,2238,,
372,105,GameCube,gamecube,673,,
373,83,Nintendo 64,nintendo-64,363,,
374,24,Game Boy Advance,game-boy-advance,964,,
375,43,Game Boy Color,game-boy-color,429,,
376,26,Game Boy,game-boy,617,,
377,79,SNES,snes,991,,
378,49,NES,nes,1025,,
379,55,Classic Macintosh,macintosh,675,,
380,41,Apple II,apple-ii,424,,
381,166,Commodore / Amiga,commodore-amiga,2084,,
382,28,Atari 7800,atari-7800,64,,
383,31,Atari 5200,atari-5200,64,,
384,23,Atari 2600,atari-2600,294,,
385,22,Atari Flashback,atari-flashback,30,,
386,25,Atari 8-bit,atari-8-bit,309,,
387,34,Atari ST,atari-st,836,,
388,46,Atari Lynx,atari-lynx,57,,
389,50,Atari XEGS,atari-xegs,22,,
390,167,Genesis,genesis,850,,
391,107,SEGA Saturn,sega-saturn,378,,
392,119,SEGA CD,sega-cd,163,,
393,117,SEGA 32X,sega-32x,46,,
394,74,SEGA Master System,sega-master-system,240,,
395,106,Dreamcast,dreamcast,380,,
396,111,3DO,3do,101,,
397,112,Jaguar,jaguar,40,,
398,77,Game Gear,game-gear,230,,
399,12,Neo Geo,neogeo,126,,
400,4,PC,pc,562066,,
401,187,PlayStation 5,playstation5,1536,2020.0,
402,1,Xbox One,xbox-one,5745,,
403,18,PlayStation 4,playstation4,7045,,
404,186,Xbox Series S/X,xbox-series-x,1287,2020.0,
405,7,Nintendo Switch,nintendo-switch,5789,,
406,3,iOS,ios,77454,,
407,21,Android,android,52536,,
408,8,Nintendo 3DS,nintendo-3ds,1682,,
409,9,Nintendo DS,nintendo-ds,2506,,
410,13,Nintendo DSi,nintendo-dsi,37,,
411,5,macOS,macos,108208,,
412,6,Linux,linux,80556,,
413,14,Xbox 360,xbox360,2833,,
414,80,Xbox,xbox-old,881,,
415,16,PlayStation 3,playstation3,3209,,
416,15,PlayStation 2,playstation2,3151,,
417,27,PlayStation,playstation1,1699,,
418,19,PS Vita,ps-vita,1461,,
419,17,PSP,psp,1456,,
420,10,Wii U,wii-u,1114,,
421,11,Wii,wii,2238,,
422,105,GameCube,gamecube,673,,
423,83,Nintendo 64,nintendo-64,363,,
424,24,Game Boy Advance,game-boy-advance,964,,
425,43,Game Boy Color,game-boy-color,429,,
426,26,Game Boy,game-boy,617,,
427,79,SNES,snes,991,,
428,49,NES,nes,1025,,
429,55,Classic Macintosh,macintosh,675,,
430,41,Apple II,apple-ii,424,,
431,166,Commodore / Amiga,commodore-amiga,2084,,
432,28,Atari 7800,atari-7800,64,,
433,31,Atari 5200,atari-5200,64,,
434,23,Atari 2600,atari-2600,294,,
435,22,Atari Flashback,atari-flashback,30,,
436,25,Atari 8-bit,atari-8-bit,309,,
437,34,Atari ST,atari-st,836,,
438,46,Atari Lynx,atari-lynx,57,,
439,50,Atari XEGS,atari-xegs,22,,
440,167,Genesis,genesis,850,,
441,107,SEGA Saturn,sega-saturn,378,,
442,119,SEGA CD,sega-cd,163,,
443,117,SEGA 32X,sega-32x,46,,
444,74,SEGA Master System,sega-master-system,240,,
445,106,Dreamcast,dreamcast,380,,
446,111,3DO,3do,101,,
447,112,Jaguar,jaguar,40,,
448,77,Game Gear,game-gear,230,,
449,12,Neo Geo,neogeo,126,,
450,4,PC,pc,562066,,
451,187,PlayStation 5,playstation5,1536,2020.0,
452,1,Xbox One,xbox-one,5745,,
453,18,PlayStation 4,playstation4,7045,,
454,186,Xbox Series S/X,xbox-series-x,1287,2020.0,
455,7,Nintendo Switch,nintendo-switch,5789,,
456,3,iOS,ios,77454,,
457,21,Android,android,52536,,
458,8,Nintendo 3DS,nintendo-3ds,1682,,
459,9,Nintendo DS,nintendo-ds,2506,,
460,13,Nintendo DSi,nintendo-dsi,37,,
461,5,macOS,macos,108208,,
462,6,Linux,linux,80556,,
463,14,Xbox 360,xbox360,2833,,
464,80,Xbox,xbox-old,881,,
465,16,PlayStation 3,playstation3,3209,,
466,15,PlayStation 2,playstation2,3151,,
467,27,PlayStation,playstation1,1699,,
468,19,PS Vita,ps-vita,1461,,
469,17,PSP,psp,1456,,
470,10,Wii U,wii-u,1114,,
471,11,Wii,wii,2238,,
472,105,GameCube,gamecube,673,,
473,83,Nintendo 64,nintendo-64,363,,
474,24,Game Boy Advance,game-boy-advance,964,,
475,43,Game Boy Color,game-boy-color,429,,
476,26,Game Boy,game-boy,617,,
477,79,SNES,snes,991,,
478,49,NES,nes,1025,,
479,55,Classic Macintosh,macintosh,675,,
480,41,Apple II,apple-ii,424,,
481,166,Commodore / Amiga,commodore-amiga,2084,,
482,28,Atari 7800,atari-7800,64,,
483,31,Atari 5200,atari-5200,64,,
484,23,Atari 2600,atari-2600,294,,
485,22,Atari Flashback,atari-flashback,30,,
486,25,Atari 8-bit,atari-8-bit,309,,
487,34,Atari ST,atari-st,836,,
488,46,Atari Lynx,atari-lynx,57,,
489,50,Atari XEGS,atari-xegs,22,,
490,167,Genesis,genesis,850,,
491,107,SEGA Saturn,sega-saturn,378,,
492,119,SEGA CD,sega-cd,163,,
493,117,SEGA 32X,sega-32x,46,,
494,74,SEGA Master System,sega-master-system,240,,
495,106,Dreamcast,dreamcast,380,,
496,111,3DO,3do,101,,
497,112,Jaguar,jaguar,40,,
498,77,Game Gear,game-gear,230,,
499,12,Neo Geo,neogeo,126,,
500,4,PC,pc,562066,,
501,187,PlayStation 5,playstation5,1536,2020.0,
502,1,Xbox One,xbox-one,5745,,
503,18,PlayStation 4,playstation4,7045,,
504,186,Xbox Series S/X,xbox-series-x,1287,2020.0,
505,7,Nintendo Switch,nintendo-switch,5789,,
506,3,iOS,ios,77454,,
507,21,Android,android,52536,,
508,8,Nintendo 3DS,nintendo-3ds,1682,,
509,9,Nintendo DS,nintendo-ds,2506,,
510,13,Nintendo DSi,nintendo-dsi,37,,
511,5,macOS,macos,108208,,
512,6,Linux,linux,80556,,
513,14,Xbox 360,xbox360,2833,,
514,80,Xbox,xbox-old,881,,
515,16,PlayStation 3,playstation3,3209,,
516,15,PlayStation 2,playstation2,3151,,
517,27,PlayStation,playstation1,1699,,
518,19,PS Vita,ps-vita,1461,,
519,17,PSP,psp,1456,,
520,10,Wii U,wii-u,1114,,
521,11,Wii,wii,2238,,
522,105,GameCube,gamecube,673,,
523,83,Nintendo 64,nintendo-64,363,,
524,24,Game Boy Advance,game-boy-advance,964,,
525,43,Game Boy Color,game-boy-color,429,,
526,26,Game Boy,game-boy,617,,
527,79,SNES,snes,991,,
528,49,NES,nes,1025,,
529,55,Classic Macintosh,macintosh,675,,
530,41,Apple II,apple-ii,424,,
531,166,Commodore / Amiga,commodore-amiga,2084,,
532,28,Atari 7800,atari-7800,64,,
533,31,Atari 5200,atari-5200,64,,
534,23,Atari 2600,atari-2600,294,,
535,22,Atari Flashback,atari-flashback,30,,
536,25,Atari 8-bit,atari-8-bit,309,,
537,34,Atari ST,atari-st,836,,
538,46,Atari Lynx,atari-lynx,57,,
539,50,Atari XEGS,atari-xegs,22,,
540,167,Genesis,genesis,850,,
541,107,SEGA Saturn,sega-saturn,378,,
542,119,SEGA CD,sega-cd,163,,
543,117,SEGA 32X,sega-32x,46,,
544,74,SEGA Master System,sega-master-system,240,,
545,106,Dreamcast,dreamcast,380,,
546,111,3DO,3do,101,,
547,112,Jaguar,jaguar,40,,
548,77,Game Gear,game-gear,230,,
549,12,Neo Geo,neogeo,126,,
550,4,PC,pc,562066,,
551,187,PlayStation 5,playstation5,1536,2020.0,
552,1,Xbox One,xbox-one,5745,,
553,18,PlayStation 4,playstation4,7045,,
554,186,Xbox Series S/X,xbox-series-x,1287,2020.0,
555,7,Nintendo Switch,nintendo-switch,5789,,
556,3,iOS,ios,77454,,
557,21,Android,android,52536,,
558,8,Nintendo 3DS,nintendo-3ds,1682,,
559,9,Nintendo DS,nintendo-ds,2506,,
560,13,Nintendo DSi,nintendo-dsi,37,,
561,5,macOS,macos,108208,,
562,6,Linux,linux,80556,,
563,14,Xbox 360,xbox360,2833,,
564,80,Xbox,xbox-old,881,,
565,16,PlayStation 3,playstation3,3209,,
566,15,PlayStation 2,playstation2,3151,,
567,27,PlayStation,playstation1,1699,,
568,19,PS Vita,ps-vita,1461,,
569,17,PSP,psp,1456,,
570,10,Wii U,wii-u,1114,,
571,11,Wii,wii,2238,,
572,105,GameCube,gamecube,673,,
573,83,Nintendo 64,nintendo-64,363,,
574,24,Game Boy Advance,game-boy-advance,964,,
575,43,Game Boy Color,game-boy-color,429,,
576,26,Game Boy,game-boy,617,,
577,79,SNES,snes,991,,
578,49,NES,nes,1025,,
579,55,Classic Macintosh,macintosh,675,,
580,41,Apple II,apple-ii,424,,
581,166,Commodore / Amiga,commodore-amiga,2084,,
582,28,Atari 7800,atari-7800,64,,
583,31,Atari 5200,atari-5200,64,,
584,23,Atari 2600,atari-2600,294,,
585,22,Atari Flashback,atari-flashback,30,,
586,25,Atari 8-bit,atari-8-bit,309,,
587,34,Atari ST,atari-st,836,,
588,46,Atari Lynx,atari-lynx,57,,
589,50,Atari XEGS,atari-xegs,22,,
590,167,Genesis,genesis,850,,
591,107,SEGA Saturn,sega-saturn,378,,
592,119,SEGA CD,sega-cd,163,,
593,117,SEGA 32X,sega-32x,46,,
594,74,SEGA Master System,sega-master-system,240,,
595,106,Dreamcast,dreamcast,380,,
596,111,3DO,3do,101,,
597,112,Jaguar,jaguar,40,,
598,77,Game Gear,game-gear,230,,
599,12,Neo Geo,neogeo,126,,
600,4,PC,pc,562066,,
601,187,PlayStation 5,playstation5,1536,2020.0,
602,1,Xbox One,xbox-one,5745,,
603,18,PlayStation 4,playstation4,7045,,
604,186,Xbox Series S/X,xbox-series-x,1287,2020.0,
605,7,Nintendo Switch,nintendo-switch,5789,,
606,3,iOS,ios,77454,,
607,21,Android,android,52536,,
608,8,Nintendo 3DS,nintendo-3ds,1682,,
609,9,Nintendo DS,nintendo-ds,2506,,
610,13,Nintendo DSi,nintendo-dsi,37,,
611,5,macOS,macos,108208,,
612,6,Linux,linux,80556,,
613,14,Xbox 360,xbox360,2833,,
614,80,Xbox,xbox-old,881,,
615,16,PlayStation 3,playstation3,3209,,
616,15,PlayStation 2,playstation2,3151,,
617,27,PlayStation,playstation1,1699,,
618,19,PS Vita,ps-vita,1461,,
619,17,PSP,psp,1456,,
620,10,Wii U,wii-u,1114,,
621,11,Wii,wii,2238,,
622,105,GameCube,gamecube,673,,
623,83,Nintendo 64,nintendo-64,363,,
624,24,Game Boy Advance,game-boy-advance,964,,
625,43,Game Boy Color,game-boy-color,429,,
626,26,Game Boy,game-boy,617,,
627,79,SNES,snes,991,,
628,49,NES,nes,1025,,
629,55,Classic Macintosh,macintosh,675,,
630,41,Apple II,apple-ii,424,,
631,166,Commodore / Amiga,commodore-amiga,2084,,
632,28,Atari 7800,atari-7800,64,,
633,31,Atari 5200,atari-5200,64,,
634,23,Atari 2600,atari-2600,294,,
635,22,Atari Flashback,atari-flashback,30,,
636,25,Atari 8-bit,atari-8-bit,309,,
637,34,Atari ST,atari-st,836,,
638,46,Atari Lynx,atari-lynx,57,,
639,50,Atari XEGS,atari-xegs,22,,
640,167,Genesis,genesis,850,,
641,107,SEGA Saturn,sega-saturn,378,,
642,119,SEGA CD,sega-cd,163,,
643,117,SEGA 32X,sega-32x,46,,
644,74,SEGA Master System,sega-master-system,240,,
645,106,Dreamcast,dreamcast,380,,
646,111,3DO,3do,101,,
647,112,Jaguar,jaguar,40,,
648,77,Game Gear,game-gear,230,,
649,12,Neo Geo,neogeo,126,,
650,4,PC,pc,562066,,
651,187,PlayStation 5,playstation5,1536,2020.0,
652,1,Xbox One,xbox-one,5745,,
653,18,PlayStation 4,playstation4,7045,,
654,186,Xbox Series S/X,xbox-series-x,1287,2020.0,
655,7,Nintendo Switch,nintendo-switch,5789,,
656,3,iOS,ios,77454,,
657,21,Android,android,52536,,
658,8,Nintendo 3DS,nintendo-3ds,1682,,
659,9,Nintendo DS,nintendo-ds,2506,,
660,13,Nintendo DSi,nintendo-dsi,37,,
661,5,macOS,macos,108208,,
662,6,Linux,linux,80556,,
663,14,Xbox 360,xbox360,2833,,
664,80,Xbox,xbox-old,881,,
665,16,PlayStation 3,playstation3,3209,,
666,15,PlayStation 2,playstation2,3151,,
667,27,PlayStation,playstation1,1699,,
668,19,PS Vita,ps-vita,1461,,
669,17,PSP,psp,1456,,
670,10,Wii U,wii-u,1114,,
671,11,Wii,wii,2238,,
672,105,GameCube,gamecube,673,,
673,83,Nintendo 64,nintendo-64,363,,
674,24,Game Boy Advance,game-boy-advance,964,,
675,43,Game Boy Color,game-boy-color,429,,
676,26,Game Boy,game-boy,617,,
677,79,SNES,snes,991,,
678,49,NES,nes,1025,,
679,55,Classic Macintosh,macintosh,675,,
680,41,Apple II,apple-ii,424,,
681,166,Commodore / Amiga,commodore-amiga,2084,,
682,28,Atari 7800,atari-7800,64,,
683,31,Atari 5200,atari-5200,64,,
684,23,Atari 2600,atari-2600,294,,
685,22,Atari Flashback,atari-flashback,30,,
686,25,Atari 8-bit,atari-8-bit,309,,
687,34,Atari ST,atari-st,836,,
688,46,Atari Lynx,atari-lynx,57,,
689,50,Atari XEGS,atari-xegs,22,,
690,167,Genesis,genesis,850,,
691,107,SEGA Saturn,sega-saturn,378,,
692,119,SEGA CD,sega-cd,163,,
693,117,SEGA 32X,sega-32x,46,,
694,74,SEGA Master System,sega-master-system,240,,
695,106,Dreamcast,dreamcast,380,,
696,111,3DO,3do,101,,
697,112,Jaguar,jaguar,40,,
698,77,Game Gear,game-gear,230,,
699,12,Neo Geo,neogeo,126,,
700,4,PC,pc,562066,,
701,187,PlayStation 5,playstation5,1536,2020.0,
702,1,Xbox One,xbox-one,5745,,
703,18,PlayStation 4,playstation4,7045,,
704,186,Xbox Series S/X,xbox-series-x,1287,2020.0,
705,7,Nintendo Switch,nintendo-switch,5789,,
706,3,iOS,ios,77454,,
707,21,Android,android,52536,,
708,8,Nintendo 3DS,nintendo-3ds,1682,,
709,9,Nintendo DS,nintendo-ds,2506,,
710,13,Nintendo DSi,nintendo-dsi,37,,
711,5,macOS,macos,108208,,
712,6,Linux,linux,80556,,
713,14,Xbox 360,xbox360,2833,,
714,80,Xbox,xbox-old,881,,
715,16,PlayStation 3,playstation3,3209,,
716,15,PlayStation 2,playstation2,3151,,
717,27,PlayStation,playstation1,1699,,
718,19,PS Vita,ps-vita,1461,,
719,17,PSP,psp,1456,,
720,10,Wii U,wii-u,1114,,
721,11,Wii,wii,2238,,
722,105,GameCube,gamecube,673,,
723,83,Nintendo 64,nintendo-64,363,,
724,24,Game Boy Advance,game-boy-advance,964,,
725,43,Game Boy Color,game-boy-color,429,,
726,26,Game Boy,game-boy,617,,
727,79,SNES,snes,991,,
728,49,NES,nes,1025,,
729,55,Classic Macintosh,macintosh,675,,
730,41,Apple II,apple-ii,424,,
731,166,Commodore / Amiga,commodore-amiga,2084,,
732,28,Atari 7800,atari-7800,64,,
733,31,Atari 5200,atari-5200,64,,
734,23,Atari 2600,atari-2600,294,,
735,22,Atari Flashback,atari-flashback,30,,
736,25,Atari 8-bit,atari-8-bit,309,,
737,34,Atari ST,atari-st,836,,
738,46,Atari Lynx,atari-lynx,57,,
739,50,Atari XEGS,atari-xegs,22,,
740,167,Genesis,genesis,850,,
741,107,SEGA Saturn,sega-saturn,378,,
742,119,SEGA CD,sega-cd,163,,
743,117,SEGA 32X,sega-32x,46,,
744,74,SEGA Master System,sega-master-system,240,,
745,106,Dreamcast,dreamcast,380,,
746,111,3DO,3do,101,,
747,112,Jaguar,jaguar,40,,
748,77,Game Gear,game-gear,230,,
749,12,Neo Geo,neogeo,126,,
750,4,PC,pc,562066,,
751,187,PlayStation 5,playstation5,1536,2020.0,
752,1,Xbox One,xbox-one,5745,,
753,18,PlayStation 4,playstation4,7045,,
754,186,Xbox Series S/X,xbox-series-x,1287,2020.0,
755,7,Nintendo Switch,nintendo-switch,5789,,
756,3,iOS,ios,77454,,
757,21,Android,android,52536,,
758,8,Nintendo 3DS,nintendo-3ds,1682,,
759,9,Nintendo DS,nintendo-ds,2506,,
760,13,Nintendo DSi,nintendo-dsi,37,,
761,5,macOS,macos,108208,,
762,6,Linux,linux,80556,,
763,14,Xbox 360,xbox360,2833,,
764,80,Xbox,xbox-old,881,,
765,16,PlayStation 3,playstation3,3209,,
766,15,PlayStation 2,playstation2,3151,,
767,27,PlayStation,playstation1,1699,,
768,19,PS Vita,ps-vita,1461,,
769,17,PSP,psp,1456,,
770,10,Wii U,wii-u,1114,,
771,11,Wii,wii,2238,,
772,105,GameCube,gamecube,673,,
773,83,Nintendo 64,nintendo-64,363,,
774,24,Game Boy Advance,game-boy-advance,964,,
775,43,Game Boy Color,game-boy-color,429,,
776,26,Game Boy,game-boy,617,,
777,79,SNES,snes,991,,
778,49,NES,nes,1025,,
779,55,Classic Macintosh,macintosh,675,,
780,41,Apple II,apple-ii,424,,
781,166,Commodore / Amiga,commodore-amiga,2084,,
782,28,Atari 7800,atari-7800,64,,
783,31,Atari 5200,atari-5200,64,,
784,23,Atari 2600,atari-2600,294,,
785,22,Atari Flashback,atari-flashback,30,,
786,25,Atari 8-bit,atari-8-bit,309,,
787,34,Atari ST,atari-st,836,,
788,46,Atari Lynx,atari-lynx,57,,
789,50,Atari XEGS,atari-xegs,22,,
790,167,Genesis,genesis,850,,
791,107,SEGA Saturn,sega-saturn,378,,
792,119,SEGA CD,sega-cd,163,,
793,117,SEGA 32X,sega-32x,46,,
794,74,SEGA Master System,sega-master-system,240,,
795,106,Dreamcast,dreamcast,380,,
796,111,3DO,3do,101,,
797,112,Jaguar,jaguar,40,,
798,77,Game Gear,game-gear,230,,
799,12,Neo Geo,neogeo,126,,
800,4,PC,pc,562066,,
801,187,PlayStation 5,playstation5,1536,2020.0,
802,1,Xbox One,xbox-one,5745,,
803,18,PlayStation 4,playstation4,7045,,
804,186,Xbox Series S/X,xbox-series-x,1287,2020.0,
805,7,Nintendo Switch,nintendo-switch,5789,,
806,3,iOS,ios,77454,,
807,21,Android,android,52536,,
808,8,Nintendo 3DS,nintendo-3ds,1682,,
809,9,Nintendo DS,nintendo-ds,2506,,
810,13,Nintendo DSi,nintendo-dsi,37,,
811,5,macOS,macos,108208,,
812,6,Linux,linux,80556,,
813,14,Xbox 360,xbox360,2833,,
814,80,Xbox,xbox-old,881,,
815,16,PlayStation 3,playstation3,3209,,
816,15,PlayStation 2,playstation2,3151,,
817,27,PlayStation,playstation1,1699,,
818,19,PS Vita,ps-vita,1461,,
819,17,PSP,psp,1456,,
820,10,Wii U,wii-u,1114,,
821,11,Wii,wii,2238,,
822,105,GameCube,gamecube,673,,
823,83,Nintendo 64,nintendo-64,363,,
824,24,Game Boy Advance,game-boy-advance,964,,
825,43,Game Boy Color,game-boy-color,429,,
826,26,Game Boy,game-boy,617,,
827,79,SNES,snes,991,,
828,49,NES,nes,1025,,
829,55,Classic Macintosh,macintosh,675,,
830,41,Apple II,apple-ii,424,,
831,166,Commodore / Amiga,commodore-amiga,2084,,
832,28,Atari 7800,atari-7800,64,,
833,31,Atari 5200,atari-5200,64,,
834,23,Atari 2600,atari-2600,294,,
835,22,Atari Flashback,atari-flashback,30,,
836,25,Atari 8-bit,atari-8-bit,309,,
837,34,Atari ST,atari-st,836,,
838,46,Atari Lynx,atari-lynx,57,,
839,50,Atari XEGS,atari-xegs,22,,
840,167,Genesis,genesis,850,,
841,107,SEGA Saturn,sega-saturn,378,,
842,119,SEGA CD,sega-cd,163,,
843,117,SEGA 32X,sega-32x,46,,
844,74,SEGA Master System,sega-master-system,240,,
845,106,Dreamcast,dreamcast,380,,
846,111,3DO,3do,101,,
847,112,Jaguar,jaguar,40,,
848,77,Game Gear,game-gear,230,,
849,12,Neo Geo,neogeo,126,,
850,4,PC,pc,562066,,
851,187,PlayStation 5,playstation5,1536,2020.0,
852,1,Xbox One,xbox-one,5745,,
853,18,PlayStation 4,playstation4,7045,,
854,186,Xbox Series S/X,xbox-series-x,1287,2020.0,
855,7,Nintendo Switch,nintendo-switch,5789,,
856,3,iOS,ios,77454,,
857,21,Android,android,52536,,
858,8,Nintendo 3DS,nintendo-3ds,1682,,
859,9,Nintendo DS,nintendo-ds,2506,,
860,13,Nintendo DSi,nintendo-dsi,37,,
861,5,macOS,macos,108208,,
862,6,Linux,linux,80556,,
863,14,Xbox 360,xbox360,2833,,
864,80,Xbox,xbox-old,881,,
865,16,PlayStation 3,playstation3,3209,,
866,15,PlayStation 2,playstation2,3151,,
867,27,PlayStation,playstation1,1699,,
868,19,PS Vita,ps-vita,1461,,
869,17,PSP,psp,1456,,
870,10,Wii U,wii-u,1114,,
871,11,Wii,wii,2238,,
872,105,GameCube,gamecube,673,,
873,83,Nintendo 64,nintendo-64,363,,
874,24,Game Boy Advance,game-boy-advance,964,,
875,43,Game Boy Color,game-boy-color,429,,
876,26,Game Boy,game-boy,617,,
877,79,SNES,snes,991,,
878,49,NES,nes,1025,,
879,55,Classic Macintosh,macintosh,675,,
880,41,Apple II,apple-ii,424,,
881,166,Commodore / Amiga,commodore-amiga,2084,,
882,28,Atari 7800,atari-7800,64,,
883,31,Atari 5200,atari-5200,64,,
884,23,Atari 2600,atari-2600,294,,
885,22,Atari Flashback,atari-flashback,30,,
886,25,Atari 8-bit,atari-8-bit,309,,
887,34,Atari ST,atari-st,836,,
888,46,Atari Lynx,atari-lynx,57,,
889,50,Atari XEGS,atari-xegs,22,,
890,167,Genesis,genesis,850,,
891,107,SEGA Saturn,sega-saturn,378,,
892,119,SEGA CD,sega-cd,163,,
893,117,SEGA 32X,sega-32x,46,,
894,74,SEGA Master System,sega-master-system,240,,
895,106,Dreamcast,dreamcast,380,,
896,111,3DO,3do,101,,
897,112,Jaguar,jaguar,40,,
898,77,Game Gear,game-gear,230,,
899,12,Neo Geo,neogeo,126,,
900,4,PC,pc,562066,,
901,187,PlayStation 5,playstation5,1536,2020.0,
902,1,Xbox One,xbox-one,5745,,
903,18,PlayStation 4,playstation4,7045,,
904,186,Xbox Series S/X,xbox-series-x,1287,2020.0,
905,7,Nintendo Switch,nintendo-switch,5789,,
906,3,iOS,ios,77454,,
907,21,Android,android,52536,,
908,8,Nintendo 3DS,nintendo-3ds,1682,,
909,9,Nintendo DS,nintendo-ds,2506,,
910,13,Nintendo DSi,nintendo-dsi,37,,
911,5,macOS,macos,108208,,
912,6,Linux,linux,80556,,
913,14,Xbox 360,xbox360,2833,,
914,80,Xbox,xbox-old,881,,
915,16,PlayStation 3,playstation3,3209,,
916,15,PlayStation 2,playstation2,3151,,
917,27,PlayStation,playstation1,1699,,
918,19,PS Vita,ps-vita,1461,,
919,17,PSP,psp,1456,,
920,10,Wii U,wii-u,1114,,
921,11,Wii,wii,2238,,
922,105,GameCube,gamecube,673,,
923,83,Nintendo 64,nintendo-64,363,,
924,24,Game Boy Advance,game-boy-advance,964,,
925,43,Game Boy Color,game-boy-color,429,,
926,26,Game Boy,game-boy,617,,
927,79,SNES,snes,991,,
928,49,NES,nes,1025,,
929,55,Classic Macintosh,macintosh,675,,
930,41,Apple II,apple-ii,424,,
931,166,Commodore / Amiga,commodore-amiga,2084,,
932,28,Atari 7800,atari-7800,64,,
933,31,Atari 5200,atari-5200,64,,
934,23,Atari 2600,atari-2600,294,,
935,22,Atari Flashback,atari-flashback,30,,
936,25,Atari 8-bit,atari-8-bit,309,,
937,34,Atari ST,atari-st,836,,
938,46,Atari Lynx,atari-lynx,57,,
939,50,Atari XEGS,atari-xegs,22,,
940,167,Genesis,genesis,850,,
941,107,SEGA Saturn,sega-saturn,378,,
942,119,SEGA CD,sega-cd,163,,
943,117,SEGA 32X,sega-32x,46,,
944,74,SEGA Master System,sega-master-system,240,,
945,106,Dreamcast,dreamcast,380,,
946,111,3DO,3do,101,,
947,112,Jaguar,jaguar,40,,
948,77,Game Gear,game-gear,230,,
949,12,Neo Geo,neogeo,126,,
950,4,PC,pc,562066,,
951,187,PlayStation 5,playstation5,1536,2020.0,
952,1,Xbox One,xbox-one,5745,,
953,18,PlayStation 4,playstation4,7045,,
954,186,Xbox Series S/X,xbox-series-x,1287,2020.0,
955,7,Nintendo Switch,nintendo-switch,5789,,
956,3,iOS,ios,77454,,
957,21,Android,android,52536,,
958,8,Nintendo 3DS,nintendo-3ds,1682,,
959,9,Nintendo DS,nintendo-ds,2506,,
960,13,Nintendo DSi,nintendo-dsi,37,,
961,5,macOS,macos,108208,,
962,6,Linux,linux,80556,,
963,14,Xbox 360,xbox360,2833,,
964,80,Xbox,xbox-old,881,,
965,16,PlayStation 3,playstation3,3209,,
966,15,PlayStation 2,playstation2,3151,,
967,27,PlayStation,playstation1,1699,,
968,19,PS Vita,ps-vita,1461,,
969,17,PSP,psp,1456,,
970,10,Wii U,wii-u,1114,,
971,11,Wii,wii,2238,,
972,105,GameCube,gamecube,673,,
973,83,Nintendo 64,nintendo-64,363,,
974,24,Game Boy Advance,game-boy-advance,964,,
975,43,Game Boy Color,game-boy-color,429,,
976,26,Game Boy,game-boy,617,,
977,79,SNES,snes,991,,
978,49,NES,nes,1025,,
979,55,Classic Macintosh,macintosh,675,,
980,41,Apple II,apple-ii,424,,
981,166,Commodore / Amiga,commodore-amiga,2084,,
982,28,Atari 7800,atari-7800,64,,
983,31,Atari 5200,atari-5200,64,,
984,23,Atari 2600,atari-2600,294,,
985,22,Atari Flashback,atari-flashback,30,,
986,25,Atari 8-bit,atari-8-bit,309,,
987,34,Atari ST,atari-st,836,,
988,46,Atari Lynx,atari-lynx,57,,
989,50,Atari XEGS,atari-xegs,22,,
990,167,Genesis,genesis,850,,
991,107,SEGA Saturn,sega-saturn,378,,
992,119,SEGA CD,sega-cd,163,,
993,117,SEGA 32X,sega-32x,46,,
994,74,SEGA Master System,sega-master-system,240,,
995,106,Dreamcast,dreamcast,380,,
996,111,3DO,3do,101,,
997,112,Jaguar,jaguar,40,,
998,77,Game Gear,game-gear,230,,
999,12,Neo Geo,neogeo,126,,
1000,4,PC,pc,562066,,
1001,187,PlayStation 5,playstation5,1536,2020.0,
1002,1,Xbox One,xbox-one,5745,,
1003,18,PlayStation 4,playstation4,7045,,
1004,186,Xbox Series S/X,xbox-series-x,1287,2020.0,
1005,7,Nintendo Switch,nintendo-switch,5789,,
1006,3,iOS,ios,77454,,
1007,21,Android,android,52536,,
1008,8,Nintendo 3DS,nintendo-3ds,1682,,
1009,9,Nintendo DS,nintendo-ds,2506,,
1010,13,Nintendo DSi,nintendo-dsi,37,,
1011,5,macOS,macos,108208,,
1012,6,Linux,linux,80556,,
1013,14,Xbox 360,xbox360,2833,,
1014,80,Xbox,xbox-old,881,,
1015,16,PlayStation 3,playstation3,3209,,
1016,15,PlayStation 2,playstation2,3151,,
1017,27,PlayStation,playstation1,1699,,
1018,19,PS Vita,ps-vita,1461,,
1019,17,PSP,psp,1456,,
1020,10,Wii U,wii-u,1114,,
1021,11,Wii,wii,2238,,
1022,105,GameCube,gamecube,673,,
1023,83,Nintendo 64,nintendo-64,363,,
1024,24,Game Boy Advance,game-boy-advance,964,,
1025,43,Game Boy Color,game-boy-color,429,,
1026,26,Game Boy,game-boy,617,,
1027,79,SNES,snes,991,,
1028,49,NES,nes,1025,,
1029,55,Classic Macintosh,macintosh,675,,
1030,41,Apple II,apple-ii,424,,
1031,166,Commodore / Amiga,commodore-amiga,2084,,
1032,28,Atari 7800,atari-7800,64,,
1033,31,Atari 5200,atari-5200,64,,
1034,23,Atari 2600,atari-2600,294,,
1035,22,Atari Flashback,atari-flashback,30,,
1036,25,Atari 8-bit,atari-8-bit,309,,
1037,34,Atari ST,atari-st,836,,
1038,46,Atari Lynx,atari-lynx,57,,
1039,50,Atari XEGS,atari-xegs,22,,
1040,167,Genesis,genesis,850,,
1041,107,SEGA Saturn,sega-saturn,378,,
1042,119,SEGA CD,sega-cd,163,,
1043,117,SEGA 32X,sega-32x,46,,
1044,74,SEGA Master System,sega-master-system,240,,
1045,106,Dreamcast,dreamcast,380,,
1046,111,3DO,3do,101,,
1047,112,Jaguar,jaguar,40,,
1048,77,Game Gear,game-gear,230,,
1049,12,Neo Geo,neogeo,126,,
1050,4,PC,pc,562066,,
1051,187,PlayStation 5,playstation5,1536,2020.0,
1052,1,Xbox One,xbox-one,5745,,
1053,18,PlayStation 4,playstation4,7045,,
1054,186,Xbox Series S/X,xbox-series-x,1287,2020.0,
1055,7,Nintendo Switch,nintendo-switch,5789,,
1056,3,iOS,ios,77454,,
1057,21,Android,android,52536,,
1058,8,Nintendo 3DS,nintendo-3ds,1682,,
1059,9,Nintendo DS,nintendo-ds,2506,,
1060,13,Nintendo DSi,nintendo-dsi,37,,
1061,5,macOS,macos,108208,,
1062,6,Linux,linux,80556,,
1063,14,Xbox 360,xbox360,2833,,
1064,80,Xbox,xbox-old,881,,
1065,16,PlayStation 3,playstation3,3209,,
1066,15,PlayStation 2,playstation2,3151,,
1067,27,PlayStation,playstation1,1699,,
1068,19,PS Vita,ps-vita,1461,,
1069,17,PSP,psp,1456,,
1070,10,Wii U,wii-u,1114,,
1071,11,Wii,wii,2238,,
1072,105,GameCube,gamecube,673,,
1073,83,Nintendo 64,nintendo-64,363,,
1074,24,Game Boy Advance,game-boy-advance,964,,
1075,43,Game Boy Color,game-boy-color,429,,
1076,26,Game Boy,game-boy,617,,
1077,79,SNES,snes,991,,
1078,49,NES,nes,1025,,
1079,55,Classic Macintosh,macintosh,675,,
1080,41,Apple II,apple-ii,424,,
1081,166,Commodore / Amiga,commodore-amiga,2084,,
1082,28,Atari 7800,atari-7800,64,,
1083,31,Atari 5200,atari-5200,64,,
1084,23,Atari 2600,atari-2600,294,,
1085,22,Atari Flashback,atari-flashback,30,,
1086,25,Atari 8-bit,atari-8-bit,309,,
1087,34,Atari ST,atari-st,836,,
1088,46,Atari Lynx,atari-lynx,57,,
1089,50,Atari XEGS,atari-xegs,22,,
1090,167,Genesis,genesis,850,,
1091,107,SEGA Saturn,sega-saturn,378,,
1092,119,SEGA CD,sega-cd,163,,
1093,117,SEGA 32X,sega-32x,46,,
1094,74,SEGA Master System,sega-master-system,240,,
1095,106,Dreamcast,dreamcast,380,,
1096,111,3DO,3do,101,,
1097,112,Jaguar,jaguar,40,,
1098,77,Game Gear,game-gear,230,,
1099,12,Neo Geo,neogeo,126,,
1100,4,PC,pc,562066,,
1101,187,PlayStation 5,playstation5,1536,2020.0,
1102,1,Xbox One,xbox-one,5745,,
1103,18,PlayStation 4,playstation4,7045,,
1104,186,Xbox Series S/X,xbox-series-x,1287,2020.0,
1105,7,Nintendo Switch,nintendo-switch,5789,,
1106,3,iOS,ios,77454,,
1107,21,Android,android,52536,,
1108,8,Nintendo 3DS,nintendo-3ds,1682,,
1109,9,Nintendo DS,nintendo-ds,2506,,
1110,13,Nintendo DSi,nintendo-dsi,37,,
1111,5,macOS,macos,108208,,
1112,6,Linux,linux,80556,,
1113,14,Xbox 360,xbox360,2833,,
1114,80,Xbox,xbox-old,881,,
1115,16,PlayStation 3,playstation3,3209,,
1116,15,PlayStation 2,playstation2,3151,,
1117,27,PlayStation,playstation1,1699,,
1118,19,PS Vita,ps-vita,1461,,
1119,17,PSP,psp,1456,,
1120,10,Wii U,wii-u,1114,,
1121,11,Wii,wii,2238,,
1122,105,GameCube,gamecube,673,,
1123,83,Nintendo 64,nintendo-64,363,,
1124,24,Game Boy Advance,game-boy-advance,964,,
1125,43,Game Boy Color,game-boy-color,429,,
1126,26,Game Boy,game-boy,617,,
1127,79,SNES,snes,991,,
1128,49,NES,nes,1025,,
1129,55,Classic Macintosh,macintosh,675,,
1130,41,Apple II,apple-ii,424,,
1131,166,Commodore / Amiga,commodore-amiga,2084,,
1132,28,Atari 7800,atari-7800,64,,
1133,31,Atari 5200,atari-5200,64,,
1134,23,Atari 2600,atari-2600,294,,
1135,22,Atari Flashback,atari-flashback,30,,
1136,25,Atari 8-bit,atari-8-bit,309,,
1137,34,Atari ST,atari-st,836,,
1138,46,Atari Lynx,atari-lynx,57,,
1139,50,Atari XEGS,atari-xegs,22,,
1140,167,Genesis,genesis,850,,
1141,107,SEGA Saturn,sega-saturn,378,,
1142,119,SEGA CD,sega-cd,163,,
1143,117,SEGA 32X,sega-32x,46,,
1144,74,SEGA Master System,sega-master-system,240,,
1145,106,Dreamcast,dreamcast,380,,
1146,111,3DO,3do,101,,
1147,112,Jaguar,jaguar,40,,
1148,77,Game Gear,game-gear,230,,
1149,12,Neo Geo,neogeo,126,,
1150,4,PC,pc,562066,,
1151,187,PlayStation 5,playstation5,1536,2020.0,
1152,1,Xbox One,xbox-one,5745,,
1153,18,PlayStation 4,playstation4,7045,,
1154,186,Xbox Series S/X,xbox-series-x,1287,2020.0,
1155,7,Nintendo Switch,nintendo-switch,5789,,
1156,3,iOS,ios,77454,,
1157,21,Android,android,52536,,
1158,8,Nintendo 3DS,nintendo-3ds,1682,,
1159,9,Nintendo DS,nintendo-ds,2506,,
1160,13,Nintendo DSi,nintendo-dsi,37,,
1161,5,macOS,macos,108208,,
1162,6,Linux,linux,80556,,
1163,14,Xbox 360,xbox360,2833,,
1164,80,Xbox,xbox-old,881,,
1165,16,PlayStation 3,playstation3,3209,,
1166,15,PlayStation 2,playstation2,3151,,
1167,27,PlayStation,playstation1,1699,,
1168,19,PS Vita,ps-vita,1461,,
1169,17,PSP,psp,1456,,
1170,10,Wii U,wii-u,1114,,
1171,11,Wii,wii,2238,,
1172,105,GameCube,gamecube,673,,
1173,83,Nintendo 64,nintendo-64,363,,
1174,24,Game Boy Advance,game-boy-advance,964,,
1175,43,Game Boy Color,game-boy-color,429,,
1176,26,Game Boy,game-boy,617,,
1177,79,SNES,snes,991,,
1178,49,NES,nes,1025,,
1179,55,Classic Macintosh,macintosh,675,,
1180,41,Apple II,apple-ii,424,,
1181,166,Commodore / Amiga,commodore-amiga,2084,,
1182,28,Atari 7800,atari-7800,64,,
1183,31,Atari 5200,atari-5200,64,,
1184,23,Atari 2600,atari-2600,294,,
1185,22,Atari Flashback,atari-flashback,30,,
1186,25,Atari 8-bit,atari-8-bit,309,,
1187,34,Atari ST,atari-st,836,,
1188,46,Atari Lynx,atari-lynx,57,,
1189,50,Atari XEGS,atari-xegs,22,,
1190,167,Genesis,genesis,850,,
1191,107,SEGA Saturn,sega-saturn,378,,
1192,119,SEGA CD,sega-cd,163,,
1193,117,SEGA 32X,sega-32x,46,,
1194,74,SEGA Master System,sega-master-system,240,,
1195,106,Dreamcast,dreamcast,380,,
1196,111,3DO,3do,101,,
1197,112,Jaguar,jaguar,40,,
1198,77,Game Gear,game-gear,230,,
1199,12,Neo Geo,neogeo,126,,
1200,4,PC,pc,562066,,
1201,187,PlayStation 5,playstation5,1536,2020.0,
1202,1,Xbox One,xbox-one,5745,,
1203,18,PlayStation 4,playstation4,7045,,
1204,186,Xbox Series S/X,xbox-series-x,1287,2020.0,
1205,7,Nintendo Switch,nintendo-switch,5789,,
1206,3,iOS,ios,77454,,
1207,21,Android,android,52536,,
1208,8,Nintendo 3DS,nintendo-3ds,1682,,
1209,9,Nintendo DS,nintendo-ds,2506,,
1210,13,Nintendo DSi,nintendo-dsi,37,,
1211,5,macOS,macos,108208,,
1212,6,Linux,linux,80556,,
1213,14,Xbox 360,xbox360,2833,,
1214,80,Xbox,xbox-old,881,,
1215,16,PlayStation 3,playstation3,3209,,
1216,15,PlayStation 2,playstation2,3151,,
1217,27,PlayStation,playstation1,1699,,
1218,19,PS Vita,ps-vita,1461,,
1219,17,PSP,psp,1456,,
1220,10,Wii U,wii-u,1114,,
1221,11,Wii,wii,2238,,
1222,105,GameCube,gamecube,673,,
1223,83,Nintendo 64,nintendo-64,363,,
1224,24,Game Boy Advance,game-boy-advance,964,,
1225,43,Game Boy Color,game-boy-color,429,,
1226,26,Game Boy,game-boy,617,,
1227,79,SNES,snes,991,,
1228,49,NES,nes,1025,,
1229,55,Classic Macintosh,macintosh,675,,
1230,41,Apple II,apple-ii,424,,
1231,166,Commodore / Amiga,commodore-amiga,2084,,
1232,28,Atari 7800,atari-7800,64,,
1233,31,Atari 5200,atari-5200,64,,
1234,23,Atari 2600,atari-2600,294,,
1235,22,Atari Flashback,atari-flashback,30,,
1236,25,Atari 8-bit,atari-8-bit,309,,
1237,34,Atari ST,atari-st,836,,
1238,46,Atari Lynx,atari-lynx,57,,
1239,50,Atari XEGS,atari-xegs,22,,
1240,167,Genesis,genesis,850,,
1241,107,SEGA Saturn,sega-saturn,378,,
1242,119,SEGA CD,sega-cd,163,,
1243,117,SEGA 32X,sega-32x,46,,
1244,74,SEGA Master System,sega-master-system,240,,
1245,106,Dreamcast,dreamcast,380,,
1246,111,3DO,3do,101,,
1247,112,Jaguar,jaguar,40,,
1248,77,Game Gear,game-gear,230,,
1249,12,Neo Geo,neogeo,126,,
1250,4,PC,pc,562066,,
1251,187,PlayStation 5,playstation5,1536,2020.0,
1252,1,Xbox One,xbox-one,5745,,
1253,18,PlayStation 4,playstation4,7045,,
1254,186,Xbox Series S/X,xbox-series-x,1287,2020.0,
1255,7,Nintendo Switch,nintendo-switch,5789,,
1256,3,iOS,ios,77454,,
1257,21,Android,android,52536,,
1258,8,Nintendo 3DS,nintendo-3ds,1682,,
1259,9,Nintendo DS,nintendo-ds,2506,,
1260,13,Nintendo DSi,nintendo-dsi,37,,
1261,5,macOS,macos,108208,,
1262,6,Linux,linux,80556,,
1263,14,Xbox 360,xbox360,2833,,
1264,80,Xbox,xbox-old,881,,
1265,16,PlayStation 3,playstation3,3209,,
1266,15,PlayStation 2,playstation2,3151,,
1267,27,PlayStation,playstation1,1699,,
1268,19,PS Vita,ps-vita,1461,,
1269,17,PSP,psp,1456,,
1270,10,Wii U,wii-u,1114,,
1271,11,Wii,wii,2238,,
1272,105,GameCube,gamecube,673,,
1273,83,Nintendo 64,nintendo-64,363,,
1274,24,Game Boy Advance,game-boy-advance,964,,
1275,43,Game Boy Color,game-boy-color,429,,
1276,26,Game Boy,game-boy,617,,
1277,79,SNES,snes,991,,
1278,49,NES,nes,1025,,
1279,55,Classic Macintosh,macintosh,675,,
1280,41,Apple II,apple-ii,424,,
1281,166,Commodore / Amiga,commodore-amiga,2084,,
1282,28,Atari 7800,atari-7800,64,,
1283,31,Atari 5200,atari-5200,64,,
1284,23,Atari 2600,atari-2600,294,,
1285,22,Atari Flashback,atari-flashback,30,,
1286,25,Atari 8-bit,atari-8-bit,309,,
1287,34,Atari ST,atari-st,836,,
1288,46,Atari Lynx,atari-lynx,57,,
1289,50,Atari XEGS,atari-xegs,22,,
1290,167,Genesis,genesis,850,,
1291,107,SEGA Saturn,sega-saturn,378,,
1292,119,SEGA CD,sega-cd,163,,
1293,117,SEGA 32X,sega-32x,46,,
1294,74,SEGA Master System,sega-master-system,240,,
1295,106,Dreamcast,dreamcast,380,,
1296,111,3DO,3do,101,,
1297,112,Jaguar,jaguar,40,,
1298,77,Game Gear,game-gear,230,,
1299,12,Neo Geo,neogeo,126,,
1300,4,PC,pc,562066,,
1301,187,PlayStation 5,playstation5,1536,2020.0,
1302,1,Xbox One,xbox-one,5745,,
1303,18,PlayStation 4,playstation4,7045,,
1304,186,Xbox Series S/X,xbox-series-x,1287,2020.0,
1305,7,Nintendo Switch,nintendo-switch,5789,,
1306,3,iOS,ios,77454,,
1307,21,Android,android,52536,,
1308,8,Nintendo 3DS,nintendo-3ds,1682,,
1309,9,Nintendo DS,nintendo-ds,2506,,
1310,13,Nintendo DSi,nintendo-dsi,37,,
1311,5,macOS,macos,108208,,
1312,6,Linux,linux,80556,,
1313,14,Xbox 360,xbox360,2833,,
1314,80,Xbox,xbox-old,881,,
1315,16,PlayStation 3,playstation3,3209,,
1316,15,PlayStation 2,playstation2,3151,,
1317,27,PlayStation,playstation1,1699,,
1318,19,PS Vita,ps-vita,1461,,
1319,17,PSP,psp,1456,,
1320,10,Wii U,wii-u,1114,,
1321,11,Wii,wii,2238,,
1322,105,GameCube,gamecube,673,,
1323,83,Nintendo 64,nintendo-64,363,,
1324,24,Game Boy Advance,game-boy-advance,964,,
1325,43,Game Boy Color,game-boy-color,429,,
1326,26,Game Boy,game-boy,617,,
1327,79,SNES,snes,991,,
1328,49,NES,nes,1025,,
1329,55,Classic Macintosh,macintosh,675,,
1330,41,Apple II,apple-ii,424,,
1331,166,Commodore / Amiga,commodore-amiga,2084,,
1332,28,Atari 7800,atari-7800,64,,
1333,31,Atari 5200,atari-5200,64,,
1334,23,Atari 2600,atari-2600,294,,
1335,22,Atari Flashback,atari-flashback,30,,
1336,25,Atari 8-bit,atari-8-bit,309,,
1337,34,Atari ST,atari-st,836,,
1338,46,Atari Lynx,atari-lynx,57,,
1339,50,Atari XEGS,atari-xegs,22,,
1340,167,Genesis,genesis,850,,
1341,107,SEGA Saturn,sega-saturn,378,,
1342,119,SEGA CD,sega-cd,163,,
1343,117,SEGA 32X,sega-32x,46,,
1344,74,SEGA Master System,sega-master-system,240,,
1345,106,Dreamcast,dreamcast,380,,
1346,111,3DO,3do,101,,
1347,112,Jaguar,jaguar,40,,
1348,77,Game Gear,game-gear,230,,
1349,12,Neo Geo,neogeo,126,,
1350,4,PC,pc,562066,,
1351,187,PlayStation 5,playstation5,1536,2020.0,
1352,1,Xbox One,xbox-one,5745,,
1353,18,PlayStation 4,playstation4,7045,,
1354,186,Xbox Series S/X,xbox-series-x,1287,2020.0,
1355,7,Nintendo Switch,nintendo-switch,5789,,
1356,3,iOS,ios,77454,,
1357,21,Android,android,52536,,
1358,8,Nintendo 3DS,nintendo-3ds,1682,,
1359,9,Nintendo DS,nintendo-ds,2506,,
1360,13,Nintendo DSi,nintendo-dsi,37,,
1361,5,macOS,macos,108208,,
1362,6,Linux,linux,80556,,
1363,14,Xbox 360,xbox360,2833,,
1364,80,Xbox,xbox-old,881,,
1365,16,PlayStation 3,playstation3,3209,,
1366,15,PlayStation 2,playstation2,3151,,
1367,27,PlayStation,playstation1,1699,,
1368,19,PS Vita,ps-vita,1461,,
1369,17,PSP,psp,1456,,
1370,10,Wii U,wii-u,1114,,
1371,11,Wii,wii,2238,,
1372,105,GameCube,gamecube,673,,
1373,83,Nintendo 64,nintendo-64,363,,
1374,24,Game Boy Advance,game-boy-advance,964,,
1375,43,Game Boy Color,game-boy-color,429,,
1376,26,Game Boy,game-boy,617,,
1377,79,SNES,snes,991,,
1378,49,NES,nes,1025,,
1379,55,Classic Macintosh,macintosh,675,,
1380,41,Apple II,apple-ii,424,,
1381,166,Commodore / Amiga,commodore-amiga,2084,,
1382,28,Atari 7800,atari-7800,64,,
1383,31,Atari 5200,atari-5200,64,,
1384,23,Atari 2600,atari-2600,294,,
1385,22,Atari Flashback,atari-flashback,30,,
1386,25,Atari 8-bit,atari-8-bit,309,,
1387,34,Atari ST,atari-st,836,,
1388,46,Atari Lynx,atari-lynx,57,,
1389,50,Atari XEGS,atari-xegs,22,,
1390,167,Genesis,genesis,850,,
1391,107,SEGA Saturn,sega-saturn,378,,
1392,119,SEGA CD,sega-cd,163,,
1393,117,SEGA 32X,sega-32x,46,,
1394,74,SEGA Master System,sega-master-system,240,,
1395,106,Dreamcast,dreamcast,380,,
1396,111,3DO,3do,101,,
1397,112,Jaguar,jaguar,40,,
1398,77,Game Gear,game-gear,230,,
1399,12,Neo Geo,neogeo,126,,
1400,4,PC,pc,562066,,
1401,187,PlayStation 5,playstation5,1536,2020.0,
1402,1,Xbox One,xbox-one,5745,,
1403,18,PlayStation 4,playstation4,7045,,
1404,186,Xbox Series S/X,xbox-series-x,1287,2020.0,
1405,7,Nintendo Switch,nintendo-switch,5789,,
1406,3,iOS,ios,77454,,
1407,21,Android,android,52536,,
1408,8,Nintendo 3DS,nintendo-3ds,1682,,
1409,9,Nintendo DS,nintendo-ds,2506,,
1410,13,Nintendo DSi,nintendo-dsi,37,,
1411,5,macOS,macos,108208,,
1412,6,Linux,linux,80556,,
1413,14,Xbox 360,xbox360,2833,,
1414,80,Xbox,xbox-old,881,,
1415,16,PlayStation 3,playstation3,3209,,
1416,15,PlayStation 2,playstation2,3151,,
1417,27,PlayStation,playstation1,1699,,
1418,19,PS Vita,ps-vita,1461,,
1419,17,PSP,psp,1456,,
1420,10,Wii U,wii-u,1114,,
1421,11,Wii,wii,2238,,
1422,105,GameCube,gamecube,673,,
1423,83,Nintendo 64,nintendo-64,363,,
1424,24,Game Boy Advance,game-boy-advance,964,,
1425,43,Game Boy Color,game-boy-color,429,,
1426,26,Game Boy,game-boy,617,,
1427,79,SNES,snes,991,,
1428,49,NES,nes,1025,,
1429,55,Classic Macintosh,macintosh,675,,
1430,41,Apple II,apple-ii,424,,
1431,166,Commodore / Amiga,commodore-amiga,2084,,
1432,28,Atari 7800,atari-7800,64,,
1433,31,Atari 5200,atari-5200,64,,
1434,23,Atari 2600,atari-2600,294,,
1435,22,Atari Flashback,atari-flashback,30,,
1436,25,Atari 8-bit,atari-8-bit,309,,
1437,34,Atari ST,atari-st,836,,
1438,46,Atari Lynx,atari-lynx,57,,
1439,50,Atari XEGS,atari-xegs,22,,
1440,167,Genesis,genesis,850,,
1441,107,SEGA Saturn,sega-saturn,378,,
1442,119,SEGA CD,sega-cd,163,,
1443,117,SEGA 32X,sega-32x,46,,
1444,74,SEGA Master System,sega-master-system,240,,
1445,106,Dreamcast,dreamcast,380,,
1446,111,3DO,3do,101,,
1447,112,Jaguar,jaguar,40,,
1448,77,Game Gear,game-gear,230,,
1449,12,Neo Geo,neogeo,126,,
1450,4,PC,pc,562066,,
1451,187,PlayStation 5,playstation5,1536,2020.0,
1452,1,Xbox One,xbox-one,5745,,
1453,18,PlayStation 4,playstation4,7045,,
1454,186,Xbox Series S/X,xbox-series-x,1287,2020.0,
1455,7,Nintendo Switch,nintendo-switch,5789,,
1456,3,iOS,ios,77454,,
1457,21,Android,android,52536,,
1458,8,Nintendo 3DS,nintendo-3ds,1682,,
1459,9,Nintendo DS,nintendo-ds,2506,,
1460,13,Nintendo DSi,nintendo-dsi,37,,
1461,5,macOS,macos,108208,,
1462,6,Linux,linux,80556,,
1463,14,Xbox 360,xbox360,2833,,
1464,80,Xbox,xbox-old,881,,
1465,16,PlayStation 3,playstation3,3209,,
1466,15,PlayStation 2,playstation2,3151,,
1467,27,PlayStation,playstation1,1699,,
1468,19,PS Vita,ps-vita,1461,,
1469,17,PSP,psp,1456,,
1470,10,Wii U,wii-u,1114,,
1471,11,Wii,wii,2238,,
1472,105,GameCube,gamecube,673,,
1473,83,Nintendo 64,nintendo-64,363,,
1474,24,Game Boy Advance,game-boy-advance,964,,
1475,43,Game Boy Color,game-boy-color,429,,
1476,26,Game Boy,game-boy,617,,
1477,79,SNES,snes,991,,
1478,49,NES,nes,1025,,
1479,55,Classic Macintosh,macintosh,675,,
1480,41,Apple II,apple-ii,424,,
1481,166,Commodore / Amiga,commodore-amiga,2084,,
1482,28,Atari 7800,atari-7800,64,,
1483,31,Atari 5200,atari-5200,64,,
1484,23,Atari 2600,atari-2600,294,,
1485,22,Atari Flashback,atari-flashback,30,,
1486,25,Atari 8-bit,atari-8-bit,309,,
1487,34,Atari ST,atari-st,836,,
1488,46,Atari Lynx,atari-lynx,57,,
1489,50,Atari XEGS,atari-xegs,22,,
1490,167,Genesis,genesis,850,,
1491,107,SEGA Saturn,sega-saturn,378,,
1492,119,SEGA CD,sega-cd,163,,
1493,117,SEGA 32X,sega-32x,46,,
1494,74,SEGA Master System,sega-master-system,240,,
1495,106,Dreamcast,dreamcast,380,,
1496,111,3DO,3do,101,,
1497,112,Jaguar,jaguar,40,,
1498,77,Game Gear,game-gear,230,,
1499,12,Neo Geo,neogeo,126,,
1500,4,PC,pc,562066,,
1501,187,PlayStation 5,playstation5,1536,2020.0,
1502,1,Xbox One,xbox-one,5745,,
1503,18,PlayStation 4,playstation4,7045,,
1504,186,Xbox Series S/X,xbox-series-x,1287,2020.0,
1505,7,Nintendo Switch,nintendo-switch,5789,,
1506,3,iOS,ios,77454,,
1507,21,Android,android,52536,,
1508,8,Nintendo 3DS,nintendo-3ds,1682,,
1509,9,Nintendo DS,nintendo-ds,2506,,
1510,13,Nintendo DSi,nintendo-dsi,37,,
1511,5,macOS,macos,108208,,
1512,6,Linux,linux,80556,,
1513,14,Xbox 360,xbox360,2833,,
1514,80,Xbox,xbox-old,881,,
1515,16,PlayStation 3,playstation3,3209,,
1516,15,PlayStation 2,playstation2,3151,,
1517,27,PlayStation,playstation1,1699,,
1518,19,PS Vita,ps-vita,1461,,
1519,17,PSP,psp,1456,,
1520,10,Wii U,wii-u,1114,,
1521,11,Wii,wii,2238,,
1522,105,GameCube,gamecube,673,,
1523,83,Nintendo 64,nintendo-64,363,,
1524,24,Game Boy Advance,game-boy-advance,964,,
1525,43,Game Boy Color,game-boy-color,429,,
1526,26,Game Boy,game-boy,617,,
1527,79,SNES,snes,991,,
1528,49,NES,nes,1025,,
1529,55,Classic Macintosh,macintosh,675,,
1530,41,Apple II,apple-ii,424,,
1531,166,Commodore / Amiga,commodore-amiga,2084,,
1532,28,Atari 7800,atari-7800,64,,
1533,31,Atari 5200,atari-5200,64,,
1534,23,Atari 2600,atari-2600,294,,
1535,22,Atari Flashback,atari-flashback,30,,
1536,25,Atari 8-bit,atari-8-bit,309,,
1537,34,Atari ST,atari-st,836,,
1538,46,Atari Lynx,atari-lynx,57,,
1539,50,Atari XEGS,atari-xegs,22,,
1540,167,Genesis,genesis,850,,
1541,107,SEGA Saturn,sega-saturn,378,,
1542,119,SEGA CD,sega-cd,163,,
1543,117,SEGA 32X,sega-32x,46,,
1544,74,SEGA Master System,sega-master-system,240,,
1545,106,Dreamcast,dreamcast,380,,
1546,111,3DO,3do,101,,
1547,112,Jaguar,jaguar,40,,
1548,77,Game Gear,game-gear,230,,
1549,12,Neo Geo,neogeo,126,,
1550,4,PC,pc,562066,,
1551,187,PlayStation 5,playstation5,1536,2020.0,
1552,1,Xbox One,xbox-one,5745,,
1553,18,PlayStation 4,playstation4,7045,,
1554,186,Xbox Series S/X,xbox-series-x,1287,2020.0,
1555,7,Nintendo Switch,nintendo-switch,5789,,
1556,3,iOS,ios,77454,,
1557,21,Android,android,52536,,
1558,8,Nintendo 3DS,nintendo-3ds,1682,,
1559,9,Nintendo DS,nintendo-ds,2506,,
1560,13,Nintendo DSi,nintendo-dsi,37,,
1561,5,macOS,macos,108208,,
1562,6,Linux,linux,80556,,
1563,14,Xbox 360,xbox360,2833,,
1564,80,Xbox,xbox-old,881,,
1565,16,PlayStation 3,playstation3,3209,,
1566,15,PlayStation 2,playstation2,3151,,
1567,27,PlayStation,playstation1,1699,,
1568,19,PS Vita,ps-vita,1461,,
1569,17,PSP,psp,1456,,
1570,10,Wii U,wii-u,1114,,
1571,11,Wii,wii,2238,,
1572,105,GameCube,gamecube,673,,
1573,83,Nintendo 64,nintendo-64,363,,
1574,24,Game Boy Advance,game-boy-advance,964,,
1575,43,Game Boy Color,game-boy-color,429,,
1576,26,Game Boy,game-boy,617,,
1577,79,SNES,snes,991,,
1578,49,NES,nes,1025,,
1579,55,Classic Macintosh,macintosh,675,,
1580,41,Apple II,apple-ii,424,,
1581,166,Commodore / Amiga,commodore-amiga,2084,,
1582,28,Atari 7800,atari-7800,64,,
1583,31,Atari 5200,atari-5200,64,,
1584,23,Atari 2600,atari-2600,294,,
1585,22,Atari Flashback,atari-flashback,30,,
1586,25,Atari 8-bit,atari-8-bit,309,,
1587,34,Atari ST,atari-st,836,,
1588,46,Atari Lynx,atari-lynx,57,,
1589,50,Atari XEGS,atari-xegs,22,,
1590,167,Genesis,genesis,850,,
1591,107,SEGA Saturn,sega-saturn,378,,
1592,119,SEGA CD,sega-cd,163,,
1593,117,SEGA 32X,sega-32x,46,,
1594,74,SEGA Master System,sega-master-system,240,,
1595,106,Dreamcast,dreamcast,380,,
1596,111,3DO,3do,101,,
1597,112,Jaguar,jaguar,40,,
1598,77,Game Gear,game-gear,230,,
1599,12,Neo Geo,neogeo,126,,
1600,4,PC,pc,562066,,
1601,187,PlayStation 5,playstation5,1536,2020.0,
1602,1,Xbox One,xbox-one,5745,,
1603,18,PlayStation 4,playstation4,7045,,
1604,186,Xbox Series S/X,xbox-series-x,1287,2020.0,
1605,7,Nintendo Switch,nintendo-switch,5789,,
1606,3,iOS,ios,77454,,
1607,21,Android,android,52536,,
1608,8,Nintendo 3DS,nintendo-3ds,1682,,
1609,9,Nintendo DS,nintendo-ds,2506,,
1610,13,Nintendo DSi,nintendo-dsi,37,,
1611,5,macOS,macos,108208,,
1612,6,Linux,linux,80556,,
1613,14,Xbox 360,xbox360,2833,,
1614,80,Xbox,xbox-old,881,,
1615,16,PlayStation 3,playstation3,3209,,
1616,15,PlayStation 2,playstation2,3151,,
1617,27,PlayStation,playstation1,1699,,
1618,19,PS Vita,ps-vita,1461,,
1619,17,PSP,psp,1456,,
1620,10,Wii U,wii-u,1114,,
1621,11,Wii,wii,2238,,
1622,105,GameCube,gamecube,673,,
1623,83,Nintendo 64,nintendo-64,363,,
1624,24,Game Boy Advance,game-boy-advance,964,,
1625,43,Game Boy Color,game-boy-color,429,,
1626,26,Game Boy,game-boy,617,,
1627,79,SNES,snes,991,,
1628,49,NES,nes,1025,,
1629,55,Classic Macintosh,macintosh,675,,
1630,41,Apple II,apple-ii,424,,
1631,166,Commodore / Amiga,commodore-amiga,2084,,
1632,28,Atari 7800,atari-7800,64,,
1633,31,Atari 5200,atari-5200,64,,
1634,23,Atari 2600,atari-2600,294,,
1635,22,Atari Flashback,atari-flashback,30,,
1636,25,Atari 8-bit,atari-8-bit,309,,
1637,34,Atari ST,atari-st,836,,
1638,46,Atari Lynx,atari-lynx,57,,
1639,50,Atari XEGS,atari-xegs,22,,
1640,167,Genesis,genesis,850,,
1641,107,SEGA Saturn,sega-saturn,378,,
1642,119,SEGA CD,sega-cd,163,,
1643,117,SEGA 32X,sega-32x,46,,
1644,74,SEGA Master System,sega-master-system,240,,
1645,106,Dreamcast,dreamcast,380,,
1646,111,3DO,3do,101,,
1647,112,Jaguar,jaguar,40,,
1648,77,Game Gear,game-gear,230,,
1649,12,Neo Geo,neogeo,126,,
1650,4,PC,pc,562066,,
1651,187,PlayStation 5,playstation5,1536,2020.0,
1652,1,Xbox One,xbox-one,5745,,
1653,18,PlayStation 4,playstation4,7045,,
1654,186,Xbox Series S/X,xbox-series-x,1287,2020.0,
1655,7,Nintendo Switch,nintendo-switch,5789,,
1656,3,iOS,ios,77454,,
1657,21,Android,android,52536,,
1658,8,Nintendo 3DS,nintendo-3ds,1682,,
1659,9,Nintendo DS,nintendo-ds,2506,,
1660,13,Nintendo DSi,nintendo-dsi,37,,
1661,5,macOS,macos,108208,,
1662,6,Linux,linux,80556,,
1663,14,Xbox 360,xbox360,2833,,
1664,80,Xbox,xbox-old,881,,
1665,16,PlayStation 3,playstation3,3209,,
1666,15,PlayStation 2,playstation2,3151,,
1667,27,PlayStation,playstation1,1699,,
1668,19,PS Vita,ps-vita,1461,,
1669,17,PSP,psp,1456,,
1670,10,Wii U,wii-u,1114,,
1671,11,Wii,wii,2238,,
1672,105,GameCube,gamecube,673,,
1673,83,Nintendo 64,nintendo-64,363,,
1674,24,Game Boy Advance,game-boy-advance,964,,
1675,43,Game Boy Color,game-boy-color,429,,
1676,26,Game Boy,game-boy,617,,
1677,79,SNES,snes,991,,
1678,49,NES,nes,1025,,
1679,55,Classic Macintosh,macintosh,675,,
1680,41,Apple II,apple-ii,424,,
1681,166,Commodore / Amiga,commodore-amiga,2084,,
1682,28,Atari 7800,atari-7800,64,,
1683,31,Atari 5200,atari-5200,64,,
1684,23,Atari 2600,atari-2600,294,,
1685,22,Atari Flashback,atari-flashback,30,,
1686,25,Atari 8-bit,atari-8-bit,309,,
1687,34,Atari ST,atari-st,836,,
1688,46,Atari Lynx,atari-lynx,57,,
1689,50,Atari XEGS,atari-xegs,22,,
1690,167,Genesis,genesis,850,,
1691,107,SEGA Saturn,sega-saturn,378,,
1692,119,SEGA CD,sega-cd,163,,
1693,117,SEGA 32X,sega-32x,46,,
1694,74,SEGA Master System,sega-master-system,240,,
1695,106,Dreamcast,dreamcast,380,,
1696,111,3DO,3do,101,,
1697,112,Jaguar,jaguar,40,,
1698,77,Game Gear,game-gear,230,,
1699,12,Neo Geo,neogeo,126,,
1700,4,PC,pc,562066,,
1701,187,PlayStation 5,playstation5,1536,2020.0,
1702,1,Xbox One,xbox-one,5745,,
1703,18,PlayStation 4,playstation4,7045,,
1704,186,Xbox Series S/X,xbox-series-x,1287,2020.0,
1705,7,Nintendo Switch,nintendo-switch,5789,,
1706,3,iOS,ios,77454,,
1707,21,Android,android,52536,,
1708,8,Nintendo 3DS,nintendo-3ds,1682,,
1709,9,Nintendo DS,nintendo-ds,2506,,
1710,13,Nintendo DSi,nintendo-dsi,37,,
1711,5,macOS,macos,108208,,
1712,6,Linux,linux,80556,,
1713,14,Xbox 360,xbox360,2833,,
1714,80,Xbox,xbox-old,881,,
1715,16,PlayStation 3,playstation3,3209,,
1716,15,PlayStation 2,playstation2,3151,,
1717,27,PlayStation,playstation1,1699,,
1718,19,PS Vita,ps-vita,1461,,
1719,17,PSP,psp,1456,,
1720,10,Wii U,wii-u,1114,,
1721,11,Wii,wii,2238,,
1722,105,GameCube,gamecube,673,,
1723,83,Nintendo 64,nintendo-64,363,,
1724,24,Game Boy Advance,game-boy-advance,964,,
1725,43,Game Boy Color,game-boy-color,429,,
1726,26,Game Boy,game-boy,617,,
1727,79,SNES,snes,991,,
1728,49,NES,nes,1025,,
1729,55,Classic Macintosh,macintosh,675,,
1730,41,Apple II,apple-ii,424,,
1731,166,Commodore / Amiga,commodore-amiga,2084,,
1732,28,Atari 7800,atari-7800,64,,
1733,31,Atari 5200,atari-5200,64,,
1734,23,Atari 2600,atari-2600,294,,
1735,22,Atari Flashback,atari-flashback,30,,
1736,25,Atari 8-bit,atari-8-bit,309,,
1737,34,Atari ST,atari-st,836,,
1738,46,Atari Lynx,atari-lynx,57,,
1739,50,Atari XEGS,atari-xegs,22,,
1740,167,Genesis,genesis,850,,
1741,107,SEGA Saturn,sega-saturn,378,,
1742,119,SEGA CD,sega-cd,163,,
1743,117,SEGA 32X,sega-32x,46,,
1744,74,SEGA Master System,sega-master-system,240,,
1745,106,Dreamcast,dreamcast,380,,
1746,111,3DO,3do,101,,
1747,112,Jaguar,jaguar,40,,
1748,77,Game Gear,game-gear,230,,
1749,12,Neo Geo,neogeo,126,,
1750,4,PC,pc,562066,,
1751,187,PlayStation 5,playstation5,1536,2020.0,
1752,1,Xbox One,xbox-one,5745,,
1753,18,PlayStation 4,playstation4,7045,,
1754,186,Xbox Series S/X,xbox-series-x,1287,2020.0,
1755,7,Nintendo Switch,nintendo-switch,5789,,
1756,3,iOS,ios,77454,,
1757,21,Android,android,52536,,
1758,8,Nintendo 3DS,nintendo-3ds,1682,,
1759,9,Nintendo DS,nintendo-ds,2506,,
1760,13,Nintendo DSi,nintendo-dsi,37,,
1761,5,macOS,macos,108208,,
1762,6,Linux,linux,80556,,
1763,14,Xbox 360,xbox360,2833,,
1764,80,Xbox,xbox-old,881,,
1765,16,PlayStation 3,playstation3,3209,,
1766,15,PlayStation 2,playstation2,3151,,
1767,27,PlayStation,playstation1,1699,,
1768,19,PS Vita,ps-vita,1461,,
1769,17,PSP,psp,1456,,
1770,10,Wii U,wii-u,1114,,
1771,11,Wii,wii,2238,,
1772,105,GameCube,gamecube,673,,
1773,83,Nintendo 64,nintendo-64,363,,
1774,24,Game Boy Advance,game-boy-advance,964,,
1775,43,Game Boy Color,game-boy-color,429,,
1776,26,Game Boy,game-boy,617,,
1777,79,SNES,snes,991,,
1778,49,NES,nes,1025,,
1779,55,Classic Macintosh,macintosh,675,,
1780,41,Apple II,apple-ii,424,,
1781,166,Commodore / Amiga,commodore-amiga,2084,,
1782,28,Atari 7800,atari-7800,64,,
1783,31,Atari 5200,atari-5200,64,,
1784,23,Atari 2600,atari-2600,294,,
1785,22,Atari Flashback,atari-flashback,30,,
1786,25,Atari 8-bit,atari-8-bit,309,,
1787,34,Atari ST,atari-st,836,,
1788,46,Atari Lynx,atari-lynx,57,,
1789,50,Atari XEGS,atari-xegs,22,,
1790,167,Genesis,genesis,850,,
1791,107,SEGA Saturn,sega-saturn,378,,
1792,119,SEGA CD,sega-cd,163,,
1793,117,SEGA 32X,sega-32x,46,,
1794,74,SEGA Master System,sega-master-system,240,,
1795,106,Dreamcast,dreamcast,380,,
1796,111,3DO,3do,101,,
1797,112,Jaguar,jaguar,40,,
1798,77,Game Gear,game-gear,230,,
1799,12,Neo Geo,neogeo,126,,
1800,4,PC,pc,562066,,
1801,187,PlayStation 5,playstation5,1536,2020.0,
1802,1,Xbox One,xbox-one,5745,,
1803,18,PlayStation 4,playstation4,7045,,
1804,186,Xbox Series S/X,xbox-series-x,1287,2020.0,
1805,7,Nintendo Switch,nintendo-switch,5789,,
1806,3,iOS,ios,77454,,
1807,21,Android,android,52536,,
1808,8,Nintendo 3DS,nintendo-3ds,1682,,
1809,9,Nintendo DS,nintendo-ds,2506,,
1810,13,Nintendo DSi,nintendo-dsi,37,,
1811,5,macOS,macos,108208,,
1812,6,Linux,linux,80556,,
1813,14,Xbox 360,xbox360,2833,,
1814,80,Xbox,xbox-old,881,,
1815,16,PlayStation 3,playstation3,3209,,
1816,15,PlayStation 2,playstation2,3151,,
1817,27,PlayStation,playstation1,1699,,
1818,19,PS Vita,ps-vita,1461,,
1819,17,PSP,psp,1456,,
1820,10,Wii U,wii-u,1114,,
1821,11,Wii,wii,2238,,
1822,105,GameCube,gamecube,673,,
1823,83,Nintendo 64,nintendo-64,363,,
1824,24,Game Boy Advance,game-boy-advance,964,,
1825,43,Game Boy Color,game-boy-color,429,,
1826,26,Game Boy,game-boy,617,,
1827,79,SNES,snes,991,,
1828,49,NES,nes,1025,,
1829,55,Classic Macintosh,macintosh,675,,
1830,41,Apple II,apple-ii,424,,
1831,166,Commodore / Amiga,commodore-amiga,2084,,
1832,28,Atari 7800,atari-7800,64,,
1833,31,Atari 5200,atari-5200,64,,
1834,23,Atari 2600,atari-2600,294,,
1835,22,Atari Flashback,atari-flashback,30,,
1836,25,Atari 8-bit,atari-8-bit,309,,
1837,34,Atari ST,atari-st,836,,
1838,46,Atari Lynx,atari-lynx,57,,
1839,50,Atari XEGS,atari-xegs,22,,
1840,167,Genesis,genesis,850,,
1841,107,SEGA Saturn,sega-saturn,378,,
1842,119,SEGA CD,sega-cd,163,,
1843,117,SEGA 32X,sega-32x,46,,
1844,74,SEGA Master System,sega-master-system,240,,
1845,106,Dreamcast,dreamcast,380,,
1846,111,3DO,3do,101,,
1847,112,Jaguar,jaguar,40,,
1848,77,Game Gear,game-gear,230,,
1849,12,Neo Geo,neogeo,126,,
1850,4,PC,pc,562066,,
1851,187,PlayStation 5,playstation5,1536,2020.0,
1852,1,Xbox One,xbox-one,5745,,
1853,18,PlayStation 4,playstation4,7045,,
1854,186,Xbox Series S/X,xbox-series-x,1287,2020.0,
1855,7,Nintendo Switch,nintendo-switch,5789,,
1856,3,iOS,ios,77454,,
1857,21,Android,android,52536,,
1858,8,Nintendo 3DS,nintendo-3ds,1682,,
1859,9,Nintendo DS,nintendo-ds,2506,,
1860,13,Nintendo DSi,nintendo-dsi,37,,
1861,5,macOS,macos,108208,,
1862,6,Linux,linux,80556,,
1863,14,Xbox 360,xbox360,2833,,
1864,80,Xbox,xbox-old,881,,
1865,16,PlayStation 3,playstation3,3209,,
1866,15,PlayStation 2,playstation2,3151,,
1867,27,PlayStation,playstation1,1699,,
1868,19,PS Vita,ps-vita,1461,,
1869,17,PSP,psp,1456,,
1870,10,Wii U,wii-u,1114,,
1871,11,Wii,wii,2238,,
1872,105,GameCube,gamecube,673,,
1873,83,Nintendo 64,nintendo-64,363,,
1874,24,Game Boy Advance,game-boy-advance,964,,
1875,43,Game Boy Color,game-boy-color,429,,
1876,26,Game Boy,game-boy,617,,
1877,79,SNES,snes,991,,
1878,49,NES,nes,1025,,
1879,55,Classic Macintosh,macintosh,675,,
1880,41,Apple II,apple-ii,424,,
1881,166,Commodore / Amiga,commodore-amiga,2084,,
1882,28,Atari 7800,atari-7800,64,,
1883,31,Atari 5200,atari-5200,64,,
1884,23,Atari 2600,atari-2600,294,,
1885,22,Atari Flashback,atari-flashback,30,,
1886,25,Atari 8-bit,atari-8-bit,309,,
1887,34,Atari ST,atari-st,836,,
1888,46,Atari Lynx,atari-lynx,57,,
1889,50,Atari XEGS,atari-xegs,22,,
1890,167,Genesis,genesis,850,,
1891,107,SEGA Saturn,sega-saturn,378,,
1892,119,SEGA CD,sega-cd,163,,
1893,117,SEGA 32X,sega-32x,46,,
1894,74,SEGA Master System,sega-master-system,240,,
1895,106,Dreamcast,dreamcast,380,,
1896,111,3DO,3do,101,,
1897,112,Jaguar,jaguar,40,,
1898,77,Game Gear,game-gear,230,,
1899,12,Neo Geo,neogeo,126,,
1900,4,PC,pc,562066,,
1901,187,PlayStation 5,playstation5,1536,2020.0,
1902,1,Xbox One,xbox-one,5745,,
1903,18,PlayStation 4,playstation4,7045,,
1904,186,Xbox Series S/X,xbox-series-x,1287,2020.0,
1905,7,Nintendo Switch,nintendo-switch,5789,,
1906,3,iOS,ios,77454,,
1907,21,Android,android,52536,,
1908,8,Nintendo 3DS,nintendo-3ds,1682,,
1909,9,Nintendo DS,nintendo-ds,2506,,
1910,13,Nintendo DSi,nintendo-dsi,37,,
1911,5,macOS,macos,108208,,
1912,6,Linux,linux,80556,,
1913,14,Xbox 360,xbox360,2833,,
1914,80,Xbox,xbox-old,881,,
1915,16,PlayStation 3,playstation3,3209,,
1916,15,PlayStation 2,playstation2,3151,,
1917,27,PlayStation,playstation1,1699,,
1918,19,PS Vita,ps-vita,1461,,
1919,17,PSP,psp,1456,,
1920,10,Wii U,wii-u,1114,,
1921,11,Wii,wii,2238,,
1922,105,GameCube,gamecube,673,,
1923,83,Nintendo 64,nintendo-64,363,,
1924,24,Game Boy Advance,game-boy-advance,964,,
1925,43,Game Boy Color,game-boy-color,429,,
1926,26,Game Boy,game-boy,617,,
1927,79,SNES,snes,991,,
1928,49,NES,nes,1025,,
1929,55,Classic Macintosh,macintosh,675,,
1930,41,Apple II,apple-ii,424,,
1931,166,Commodore / Amiga,commodore-amiga,2084,,
1932,28,Atari 7800,atari-7800,64,,
1933,31,Atari 5200,atari-5200,64,,
1934,23,Atari 2600,atari-2600,294,,
1935,22,Atari Flashback,atari-flashback,30,,
1936,25,Atari 8-bit,atari-8-bit,309,,
1937,34,Atari ST,atari-st,836,,
1938,46,Atari Lynx,atari-lynx,57,,
1939,50,Atari XEGS,atari-xegs,22,,
1940,167,Genesis,genesis,850,,
1941,107,SEGA Saturn,sega-saturn,378,,
1942,119,SEGA CD,sega-cd,163,,
1943,117,SEGA 32X,sega-32x,46,,
1944,74,SEGA Master System,sega-master-system,240,,
1945,106,Dreamcast,dreamcast,380,,
1946,111,3DO,3do,101,,
1947,112,Jaguar,jaguar,40,,
1948,77,Game Gear,game-gear,230,,
1949,12,Neo Geo,neogeo,126,,
1950,4,PC,pc,562066,,
1951,187,PlayStation 5,playstation5,1536,2020.0,
1952,1,Xbox One,xbox-one,5745,,
1953,18,PlayStation 4,playstation4,7045,,
1954,186,Xbox Series S/X,xbox-series-x,1287,2020.0,
1955,7,Nintendo Switch,nintendo-switch,5789,,
1956,3,iOS,ios,77454,,
1957,21,Android,android,52536,,
1958,8,Nintendo 3DS,nintendo-3ds,1682,,
1959,9,Nintendo DS,nintendo-ds,2506,,
1960,13,Nintendo DSi,nintendo-dsi,37,,
1961,5,macOS,macos,108208,,
1962,6,Linux,linux,80556,,
1963,14,Xbox 360,xbox360,2833,,
1964,80,Xbox,xbox-old,881,,
1965,16,PlayStation 3,playstation3,3209,,
1966,15,PlayStation 2,playstation2,3151,,
1967,27,PlayStation,playstation1,1699,,
1968,19,PS Vita,ps-vita,1461,,
1969,17,PSP,psp,1456,,
1970,10,Wii U,wii-u,1114,,
1971,11,Wii,wii,2238,,
1972,105,GameCube,gamecube,673,,
1973,83,Nintendo 64,nintendo-64,363,,
1974,24,Game Boy Advance,game-boy-advance,964,,
1975,43,Game Boy Color,game-boy-color,429,,
1976,26,Game Boy,game-boy,617,,
1977,79,SNES,snes,991,,
1978,49,NES,nes,1025,,
1979,55,Classic Macintosh,macintosh,675,,
1980,41,Apple II,apple-ii,424,,
1981,166,Commodore / Amiga,commodore-amiga,2084,,
1982,28,Atari 7800,atari-7800,64,,
1983,31,Atari 5200,atari-5200,64,,
1984,23,Atari 2600,atari-2600,294,,
1985,22,Atari Flashback,atari-flashback,30,,
1986,25,Atari 8-bit,atari-8-bit,309,,
1987,34,Atari ST,atari-st,836,,
1988,46,Atari Lynx,atari-lynx,57,,
1989,50,Atari XEGS,atari-xegs,22,,
1990,167,Genesis,genesis,850,,
1991,107,SEGA Saturn,sega-saturn,378,,
1992,119,SEGA CD,sega-cd,163,,
1993,117,SEGA 32X,sega-32x,46,,
1994,74,SEGA Master System,sega-master-system,240,,
1995,106,Dreamcast,dreamcast,380,,
1996,111,3DO,3do,101,,
1997,112,Jaguar,jaguar,40,,
1998,77,Game Gear,game-gear,230,,
1999,12,Neo Geo,neogeo,126,,
2000,4,PC,pc,562066,,
2001,187,PlayStation 5,playstation5,1536,2020.0,
2002,1,Xbox One,xbox-one,5745,,
2003,18,PlayStation 4,playstation4,7045,,
2004,186,Xbox Series S/X,xbox-series-x,1287,2020.0,
2005,7,Nintendo Switch,nintendo-switch,5789,,
2006,3,iOS,ios,77454,,
2007,21,Android,android,52536,,
2008,8,Nintendo 3DS,nintendo-3ds,1682,,
2009,9,Nintendo DS,nintendo-ds,2506,,
2010,13,Nintendo DSi,nintendo-dsi,37,,
2011,5,macOS,macos,108208,,
2012,6,Linux,linux,80556,,
2013,14,Xbox 360,xbox360,2833,,
2014,80,Xbox,xbox-old,881,,
2015,16,PlayStation 3,playstation3,3209,,
2016,15,PlayStation 2,playstation2,3151,,
2017,27,PlayStation,playstation1,1699,,
2018,19,PS Vita,ps-vita,1461,,
2019,17,PSP,psp,1456,,
2020,10,Wii U,wii-u,1114,,
2021,11,Wii,wii,2238,,
2022,105,GameCube,gamecube,673,,
2023,83,Nintendo 64,nintendo-64,363,,
2024,24,Game Boy Advance,game-boy-advance,964,,
2025,43,Game Boy Color,game-boy-color,429,,
2026,26,Game Boy,game-boy,617,,
2027,79,SNES,snes,991,,
2028,49,NES,nes,1025,,
2029,55,Classic Macintosh,macintosh,675,,
2030,41,Apple II,apple-ii,424,,
2031,166,Commodore / Amiga,commodore-amiga,2084,,
2032,28,Atari 7800,atari-7800,64,,
2033,31,Atari 5200,atari-5200,64,,
2034,23,Atari 2600,atari-2600,294,,
2035,22,Atari Flashback,atari-flashback,30,,
2036,25,Atari 8-bit,atari-8-bit,309,,
2037,34,Atari ST,atari-st,836,,
2038,46,Atari Lynx,atari-lynx,57,,
2039,50,Atari XEGS,atari-xegs,22,,
2040,167,Genesis,genesis,850,,
2041,107,SEGA Saturn,sega-saturn,378,,
2042,119,SEGA CD,sega-cd,163,,
2043,117,SEGA 32X,sega-32x,46,,
2044,74,SEGA Master System,sega-master-system,240,,
2045,106,Dreamcast,dreamcast,380,,
2046,111,3DO,3do,101,,
2047,112,Jaguar,jaguar,40,,
2048,77,Game Gear,game-gear,230,,
2049,12,Neo Geo,neogeo,126,,
2050,4,PC,pc,562066,,
2051,187,PlayStation 5,playstation5,1536,2020.0,
2052,1,Xbox One,xbox-one,5745,,
2053,18,PlayStation 4,playstation4,7045,,
2054,186,Xbox Series S/X,xbox-series-x,1287,2020.0,
2055,7,Nintendo Switch,nintendo-switch,5789,,
2056,3,iOS,ios,77454,,
2057,21,Android,android,52536,,
2058,8,Nintendo 3DS,nintendo-3ds,1682,,
2059,9,Nintendo DS,nintendo-ds,2506,,
2060,13,Nintendo DSi,nintendo-dsi,37,,
2061,5,macOS,macos,108208,,
2062,6,Linux,linux,80556,,
2063,14,Xbox 360,xbox360,2833,,
2064,80,Xbox,xbox-old,881,,
2065,16,PlayStation 3,playstation3,3209,,
2066,15,PlayStation 2,playstation2,3151,,
2067,27,PlayStation,playstation1,1699,,
2068,19,PS Vita,ps-vita,1461,,
2069,17,PSP,psp,1456,,
2070,10,Wii U,wii-u,1114,,
2071,11,Wii,wii,2238,,
2072,105,GameCube,gamecube,673,,
2073,83,Nintendo 64,nintendo-64,363,,
2074,24,Game Boy Advance,game-boy-advance,964,,
2075,43,Game Boy Color,game-boy-color,429,,
2076,26,Game Boy,game-boy,617,,
2077,79,SNES,snes,991,,
2078,49,NES,nes,1025,,
2079,55,Classic Macintosh,macintosh,675,,
2080,41,Apple II,apple-ii,424,,
2081,166,Commodore / Amiga,commodore-amiga,2084,,
2082,28,Atari 7800,atari-7800,64,,
2083,31,Atari 5200,atari-5200,64,,
2084,23,Atari 2600,atari-2600,294,,
2085,22,Atari Flashback,atari-flashback,30,,
2086,25,Atari 8-bit,atari-8-bit,309,,
2087,34,Atari ST,atari-st,836,,
2088,46,Atari Lynx,atari-lynx,57,,
2089,50,Atari XEGS,atari-xegs,22,,
2090,167,Genesis,genesis,850,,
2091,107,SEGA Saturn,sega-saturn,378,,
2092,119,SEGA CD,sega-cd,163,,
2093,117,SEGA 32X,sega-32x,46,,
2094,74,SEGA Master System,sega-master-system,240,,
2095,106,Dreamcast,dreamcast,380,,
2096,111,3DO,3do,101,,
2097,112,Jaguar,jaguar,40,,
2098,77,Game Gear,game-gear,230,,
2099,12,Neo Geo,neogeo,126,,
2100,4,PC,pc,562066,,
2101,187,PlayStation 5,playstation5,1536,2020.0,
2102,1,Xbox One,xbox-one,5745,,
2103,18,PlayStation 4,playstation4,7045,,
2104,186,Xbox Series S/X,xbox-series-x,1287,2020.0,
2105,7,Nintendo Switch,nintendo-switch,5789,,
2106,3,iOS,ios,77454,,
2107,21,Android,android,52536,,
2108,8,Nintendo 3DS,nintendo-3ds,1682,,
2109,9,Nintendo DS,nintendo-ds,2506,,
2110,13,Nintendo DSi,nintendo-dsi,37,,
2111,5,macOS,macos,108208,,
2112,6,Linux,linux,80556,,
2113,14,Xbox 360,xbox360,2833,,
2114,80,Xbox,xbox-old,881,,
2115,16,PlayStation 3,playstation3,3209,,
2116,15,PlayStation 2,playstation2,3151,,
2117,27,PlayStation,playstation1,1699,,
2118,19,PS Vita,ps-vita,1461,,
2119,17,PSP,psp,1456,,
2120,10,Wii U,wii-u,1114,,
2121,11,Wii,wii,2238,,
2122,105,GameCube,gamecube,673,,
2123,83,Nintendo 64,nintendo-64,363,,
2124,24,Game Boy Advance,game-boy-advance,964,,
2125,43,Game Boy Color,game-boy-color,429,,
2126,26,Game Boy,game-boy,617,,
2127,79,SNES,snes,991,,
2128,49,NES,nes,1025,,
2129,55,Classic Macintosh,macintosh,675,,
2130,41,Apple II,apple-ii,424,,
2131,166,Commodore / Amiga,commodore-amiga,2084,,
2132,28,Atari 7800,atari-7800,64,,
2133,31,Atari 5200,atari-5200,64,,
2134,23,Atari 2600,atari-2600,294,,
2135,22,Atari Flashback,atari-flashback,30,,
2136,25,Atari 8-bit,atari-8-bit,309,,
2137,34,Atari ST,atari-st,836,,
2138,46,Atari Lynx,atari-lynx,57,,
2139,50,Atari XEGS,atari-xegs,22,,
2140,167,Genesis,genesis,850,,
2141,107,SEGA Saturn,sega-saturn,378,,
2142,119,SEGA CD,sega-cd,163,,
2143,117,SEGA 32X,sega-32x,46,,
2144,74,SEGA Master System,sega-master-system,240,,
2145,106,Dreamcast,dreamcast,380,,
2146,111,3DO,3do,101,,
2147,112,Jaguar,jaguar,40,,
2148,77,Game Gear,game-gear,230,,
2149,12,Neo Geo,neogeo,126,,
2150,4,PC,pc,562066,,
2151,187,PlayStation 5,playstation5,1536,2020.0,
2152,1,Xbox One,xbox-one,5745,,
2153,18,PlayStation 4,playstation4,7045,,
2154,186,Xbox Series S/X,xbox-series-x,1287,2020.0,
2155,7,Nintendo Switch,nintendo-switch,5789,,
2156,3,iOS,ios,77454,,
2157,21,Android,android,52536,,
2158,8,Nintendo 3DS,nintendo-3ds,1682,,
2159,9,Nintendo DS,nintendo-ds,2506,,
2160,13,Nintendo DSi,nintendo-dsi,37,,
2161,5,macOS,macos,108208,,
2162,6,Linux,linux,80556,,
2163,14,Xbox 360,xbox360,2833,,
2164,80,Xbox,xbox-old,881,,
2165,16,PlayStation 3,playstation3,3209,,
2166,15,PlayStation 2,playstation2,3151,,
2167,27,PlayStation,playstation1,1699,,
2168,19,PS Vita,ps-vita,1461,,
2169,17,PSP,psp,1456,,
2170,10,Wii U,wii-u,1114,,
2171,11,Wii,wii,2238,,
2172,105,GameCube,gamecube,673,,
2173,83,Nintendo 64,nintendo-64,363,,
2174,24,Game Boy Advance,game-boy-advance,964,,
2175,43,Game Boy Color,game-boy-color,429,,
2176,26,Game Boy,game-boy,617,,
2177,79,SNES,snes,991,,
2178,49,NES,nes,1025,,
2179,55,Classic Macintosh,macintosh,675,,
2180,41,Apple II,apple-ii,424,,
2181,166,Commodore / Amiga,commodore-amiga,2084,,
2182,28,Atari 7800,atari-7800,64,,
2183,31,Atari 5200,atari-5200,64,,
2184,23,Atari 2600,atari-2600,294,,
2185,22,Atari Flashback,atari-flashback,30,,
2186,25,Atari 8-bit,atari-8-bit,309,,
2187,34,Atari ST,atari-st,836,,
2188,46,Atari Lynx,atari-lynx,57,,
2189,50,Atari XEGS,atari-xegs,22,,
2190,167,Genesis,genesis,850,,
2191,107,SEGA Saturn,sega-saturn,378,,
2192,119,SEGA CD,sega-cd,163,,
2193,117,SEGA 32X,sega-32x,46,,
2194,74,SEGA Master System,sega-master-system,240,,
2195,106,Dreamcast,dreamcast,380,,
2196,111,3DO,3do,101,,
2197,112,Jaguar,jaguar,40,,
2198,77,Game Gear,game-gear,230,,
2199,12,Neo Geo,neogeo,126,,
2200,4,PC,pc,562066,,
2201,187,PlayStation 5,playstation5,1536,2020.0,
2202,1,Xbox One,xbox-one,5745,,
2203,18,PlayStation 4,playstation4,7045,,
2204,186,Xbox Series S/X,xbox-series-x,1287,2020.0,
2205,7,Nintendo Switch,nintendo-switch,5789,,
2206,3,iOS,ios,77454,,
2207,21,Android,android,52536,,
2208,8,Nintendo 3DS,nintendo-3ds,1682,,
2209,9,Nintendo DS,nintendo-ds,2506,,
2210,13,Nintendo DSi,nintendo-dsi,37,,
2211,5,macOS,macos,108208,,
2212,6,Linux,linux,80556,,
2213,14,Xbox 360,xbox360,2833,,
2214,80,Xbox,xbox-old,881,,
2215,16,PlayStation 3,playstation3,3209,,
2216,15,PlayStation 2,playstation2,3151,,
2217,27,PlayStation,playstation1,1699,,
2218,19,PS Vita,ps-vita,1461,,
2219,17,PSP,psp,1456,,
2220,10,Wii U,wii-u,1114,,
2221,11,Wii,wii,2238,,
2222,105,GameCube,gamecube,673,,
2223,83,Nintendo 64,nintendo-64,363,,
2224,24,Game Boy Advance,game-boy-advance,964,,
2225,43,Game Boy Color,game-boy-color,429,,
2226,26,Game Boy,game-boy,617,,
2227,79,SNES,snes,991,,
2228,49,NES,nes,1025,,
2229,55,Classic Macintosh,macintosh,675,,
2230,41,Apple II,apple-ii,424,,
2231,166,Commodore / Amiga,commodore-amiga,2084,,
2232,28,Atari 7800,atari-7800,64,,
2233,31,Atari 5200,atari-5200,64,,
2234,23,Atari 2600,atari-2600,294,,
2235,22,Atari Flashback,atari-flashback,30,,
2236,25,Atari 8-bit,atari-8-bit,309,,
2237,34,Atari ST,atari-st,836,,
2238,46,Atari Lynx,atari-lynx,57,,
2239,50,Atari XEGS,atari-xegs,22,,
2240,167,Genesis,genesis,850,,
2241,107,SEGA Saturn,sega-saturn,378,,
2242,119,SEGA CD,sega-cd,163,,
2243,117,SEGA 32X,sega-32x,46,,
2244,74,SEGA Master System,sega-master-system,240,,
2245,106,Dreamcast,dreamcast,380,,
2246,111,3DO,3do,101,,
2247,112,Jaguar,jaguar,40,,
2248,77,Game Gear,game-gear,230,,
2249,12,Neo Geo,neogeo,126,,
2250,4,PC,pc,562066,,
2251,187,PlayStation 5,playstation5,1536,2020.0,
2252,1,Xbox One,xbox-one,5745,,
2253,18,PlayStation 4,playstation4,7045,,
2254,186,Xbox Series S/X,xbox-series-x,1287,2020.0,
2255,7,Nintendo Switch,nintendo-switch,5789,,
2256,3,iOS,ios,77454,,
2257,21,Android,android,52536,,
2258,8,Nintendo 3DS,nintendo-3ds,1682,,
2259,9,Nintendo DS,nintendo-ds,2506,,
2260,13,Nintendo DSi,nintendo-dsi,37,,
2261,5,macOS,macos,108208,,
2262,6,Linux,linux,80556,,
2263,14,Xbox 360,xbox360,2833,,
2264,80,Xbox,xbox-old,881,,
2265,16,PlayStation 3,playstation3,3209,,
2266,15,PlayStation 2,playstation2,3151,,
2267,27,PlayStation,playstation1,1699,,
2268,19,PS Vita,ps-vita,1461,,
2269,17,PSP,psp,1456,,
2270,10,Wii U,wii-u,1114,,
2271,11,Wii,wii,2238,,
2272,105,GameCube,gamecube,673,,
2273,83,Nintendo 64,nintendo-64,363,,
2274,24,Game Boy Advance,game-boy-advance,964,,
2275,43,Game Boy Color,game-boy-color,429,,
2276,26,Game Boy,game-boy,617,,
2277,79,SNES,snes,991,,
2278,49,NES,nes,1025,,
2279,55,Classic Macintosh,macintosh,675,,
2280,41,Apple II,apple-ii,424,,
2281,166,Commodore / Amiga,commodore-amiga,2084,,
2282,28,Atari 7800,atari-7800,64,,
2283,31,Atari 5200,atari-5200,64,,
2284,23,Atari 2600,atari-2600,294,,
2285,22,Atari Flashback,atari-flashback,30,,
2286,25,Atari 8-bit,atari-8-bit,309,,
2287,34,Atari ST,atari-st,836,,
2288,46,Atari Lynx,atari-lynx,57,,
2289,50,Atari XEGS,atari-xegs,22,,
2290,167,Genesis,genesis,850,,
2291,107,SEGA Saturn,sega-saturn,378,,
2292,119,SEGA CD,sega-cd,163,,
2293,117,SEGA 32X,sega-32x,46,,
2294,74,SEGA Master System,sega-master-system,240,,
2295,106,Dreamcast,dreamcast,380,,
2296,111,3DO,3do,101,,
2297,112,Jaguar,jaguar,40,,
2298,77,Game Gear,game-gear,230,,
2299,12,Neo Geo,neogeo,126,,
2300,4,PC,pc,562066,,
2301,187,PlayStation 5,playstation5,1536,2020.0,
2302,1,Xbox One,xbox-one,5745,,
2303,18,PlayStation 4,playstation4,7045,,
2304,186,Xbox Series S/X,xbox-series-x,1287,2020.0,
2305,7,Nintendo Switch,nintendo-switch,5789,,
2306,3,iOS,ios,77454,,
2307,21,Android,android,52536,,
2308,8,Nintendo 3DS,nintendo-3ds,1682,,
2309,9,Nintendo DS,nintendo-ds,2506,,
2310,13,Nintendo DSi,nintendo-dsi,37,,
2311,5,macOS,macos,108208,,
2312,6,Linux,linux,80556,,
2313,14,Xbox 360,xbox360,2833,,
2314,80,Xbox,xbox-old,881,,
2315,16,PlayStation 3,playstation3,3209,,
2316,15,PlayStation 2,playstation2,3151,,
2317,27,PlayStation,playstation1,1699,,
2318,19,PS Vita,ps-vita,1461,,
2319,17,PSP,psp,1456,,
2320,10,Wii U,wii-u,1114,,
2321,11,Wii,wii,2238,,
2322,105,GameCube,gamecube,673,,
2323,83,Nintendo 64,nintendo-64,363,,
2324,24,Game Boy Advance,game-boy-advance,964,,
2325,43,Game Boy Color,game-boy-color,429,,
2326,26,Game Boy,game-boy,617,,
2327,79,SNES,snes,991,,
2328,49,NES,nes,1025,,
2329,55,Classic Macintosh,macintosh,675,,
2330,41,Apple II,apple-ii,424,,
2331,166,Commodore / Amiga,commodore-amiga,2084,,
2332,28,Atari 7800,atari-7800,64,,
2333,31,Atari 5200,atari-5200,64,,
2334,23,Atari 2600,atari-2600,294,,
2335,22,Atari Flashback,atari-flashback,30,,
2336,25,Atari 8-bit,atari-8-bit,309,,
2337,34,Atari ST,atari-st,836,,
2338,46,Atari Lynx,atari-lynx,57,,
2339,50,Atari XEGS,atari-xegs,22,,
2340,167,Genesis,genesis,850,,
2341,107,SEGA Saturn,sega-saturn,378,,
2342,119,SEGA CD,sega-cd,163,,
2343,117,SEGA 32X,sega-32x,46,,
2344,74,SEGA Master System,sega-master-system,240,,
2345,106,Dreamcast,dreamcast,380,,
2346,111,3DO,3do,101,,
2347,112,Jaguar,jaguar,40,,
2348,77,Game Gear,game-gear,230,,
2349,12,Neo Geo,neogeo,126,,
2350,4,PC,pc,562066,,
2351,187,PlayStation 5,playstation5,1536,2020.0,
2352,1,Xbox One,xbox-one,5745,,
2353,18,PlayStation 4,playstation4,7045,,
2354,186,Xbox Series S/X,xbox-series-x,1287,2020.0,
2355,7,Nintendo Switch,nintendo-switch,5789,,
2356,3,iOS,ios,77454,,
2357,21,Android,android,52536,,
2358,8,Nintendo 3DS,nintendo-3ds,1682,,
2359,9,Nintendo DS,nintendo-ds,2506,,
2360,13,Nintendo DSi,nintendo-dsi,37,,
2361,5,macOS,macos,108208,,
2362,6,Linux,linux,80556,,
2363,14,Xbox 360,xbox360,2833,,
2364,80,Xbox,xbox-old,881,,
2365,16,PlayStation 3,playstation3,3209,,
2366,15,PlayStation 2,playstation2,3151,,
2367,27,PlayStation,playstation1,1699,,
2368,19,PS Vita,ps-vita,1461,,
2369,17,PSP,psp,1456,,
2370,10,Wii U,wii-u,1114,,
2371,11,Wii,wii,2238,,
2372,105,GameCube,gamecube,673,,
2373,83,Nintendo 64,nintendo-64,363,,
2374,24,Game Boy Advance,game-boy-advance,964,,
2375,43,Game Boy Color,game-boy-color,429,,
2376,26,Game Boy,game-boy,617,,
2377,79,SNES,snes,991,,
2378,49,NES,nes,1025,,
2379,55,Classic Macintosh,macintosh,675,,
2380,41,Apple II,apple-ii,424,,
2381,166,Commodore / Amiga,commodore-amiga,2084,,
2382,28,Atari 7800,atari-7800,64,,
2383,31,Atari 5200,atari-5200,64,,
2384,23,Atari 2600,atari-2600,294,,
2385,22,Atari Flashback,atari-flashback,30,,
2386,25,Atari 8-bit,atari-8-bit,309,,
2387,34,Atari ST,atari-st,836,,
2388,46,Atari Lynx,atari-lynx,57,,
2389,50,Atari XEGS,atari-xegs,22,,
2390,167,Genesis,genesis,850,,
2391,107,SEGA Saturn,sega-saturn,378,,
2392,119,SEGA CD,sega-cd,163,,
2393,117,SEGA 32X,sega-32x,46,,
2394,74,SEGA Master System,sega-master-system,240,,
2395,106,Dreamcast,dreamcast,380,,
2396,111,3DO,3do,101,,
2397,112,Jaguar,jaguar,40,,
2398,77,Game Gear,game-gear,230,,
2399,12,Neo Geo,neogeo,126,,
2400,4,PC,pc,562066,,
2401,187,PlayStation 5,playstation5,1536,2020.0,
2402,1,Xbox One,xbox-one,5745,,
2403,18,PlayStation 4,playstation4,7045,,
2404,186,Xbox Series S/X,xbox-series-x,1287,2020.0,
2405,7,Nintendo Switch,nintendo-switch,5789,,
2406,3,iOS,ios,77454,,
2407,21,Android,android,52536,,
2408,8,Nintendo 3DS,nintendo-3ds,1682,,
2409,9,Nintendo DS,nintendo-ds,2506,,
2410,13,Nintendo DSi,nintendo-dsi,37,,
2411,5,macOS,macos,108208,,
2412,6,Linux,linux,80556,,
2413,14,Xbox 360,xbox360,2833,,
2414,80,Xbox,xbox-old,881,,
2415,16,PlayStation 3,playstation3,3209,,
2416,15,PlayStation 2,playstation2,3151,,
2417,27,PlayStation,playstation1,1699,,
2418,19,PS Vita,ps-vita,1461,,
2419,17,PSP,psp,1456,,
2420,10,Wii U,wii-u,1114,,
2421,11,Wii,wii,2238,,
2422,105,GameCube,gamecube,673,,
2423,83,Nintendo 64,nintendo-64,363,,
2424,24,Game Boy Advance,game-boy-advance,964,,
2425,43,Game Boy Color,game-boy-color,429,,
2426,26,Game Boy,game-boy,617,,
2427,79,SNES,snes,991,,
2428,49,NES,nes,1025,,
2429,55,Classic Macintosh,macintosh,675,,
2430,41,Apple II,apple-ii,424,,
2431,166,Commodore / Amiga,commodore-amiga,2084,,
2432,28,Atari 7800,atari-7800,64,,
2433,31,Atari 5200,atari-5200,64,,
2434,23,Atari 2600,atari-2600,294,,
2435,22,Atari Flashback,atari-flashback,30,,
2436,25,Atari 8-bit,atari-8-bit,309,,
2437,34,Atari ST,atari-st,836,,
2438,46,Atari Lynx,atari-lynx,57,,
2439,50,Atari XEGS,atari-xegs,22,,
2440,167,Genesis,genesis,850,,
2441,107,SEGA Saturn,sega-saturn,378,,
2442,119,SEGA CD,sega-cd,163,,
2443,117,SEGA 32X,sega-32x,46,,
2444,74,SEGA Master System,sega-master-system,240,,
2445,106,Dreamcast,dreamcast,380,,
2446,111,3DO,3do,101,,
2447,112,Jaguar,jaguar,40,,
2448,77,Game Gear,game-gear,230,,
2449,12,Neo Geo,neogeo,126,,
2450,4,PC,pc,562066,,
2451,187,PlayStation 5,playstation5,1536,2020.0,
2452,1,Xbox One,xbox-one,5745,,
2453,18,PlayStation 4,playstation4,7045,,
2454,186,Xbox Series S/X,xbox-series-x,1287,2020.0,
2455,7,Nintendo Switch,nintendo-switch,5789,,
2456,3,iOS,ios,77454,,
2457,21,Android,android,52536,,
2458,8,Nintendo 3DS,nintendo-3ds,1682,,
2459,9,Nintendo DS,nintendo-ds,2506,,
2460,13,Nintendo DSi,nintendo-dsi,37,,
2461,5,macOS,macos,108208,,
2462,6,Linux,linux,80556,,
2463,14,Xbox 360,xbox360,2833,,
2464,80,Xbox,xbox-old,881,,
2465,16,PlayStation 3,playstation3,3209,,
2466,15,PlayStation 2,playstation2,3151,,
2467,27,PlayStation,playstation1,1699,,
2468,19,PS Vita,ps-vita,1461,,
2469,17,PSP,psp,1456,,
2470,10,Wii U,wii-u,1114,,
2471,11,Wii,wii,2238,,
2472,105,GameCube,gamecube,673,,
2473,83,Nintendo 64,nintendo-64,363,,
2474,24,Game Boy Advance,game-boy-advance,964,,
2475,43,Game Boy Color,game-boy-color,429,,
2476,26,Game Boy,game-boy,617,,
2477,79,SNES,snes,991,,
2478,49,NES,nes,1025,,
2479,55,Classic Macintosh,macintosh,675,,
2480,41,Apple II,apple-ii,424,,
2481,166,Commodore / Amiga,commodore-amiga,2084,,
2482,28,Atari 7800,atari-7800,64,,
2483,31,Atari 5200,atari-5200,64,,
2484,23,Atari 2600,atari-2600,294,,
2485,22,Atari Flashback,atari-flashback,30,,
2486,25,Atari 8-bit,atari-8-bit,309,,
2487,34,Atari ST,atari-st,836,,
2488,46,Atari Lynx,atari-lynx,57,,
2489,50,Atari XEGS,atari-xegs,22,,
2490,167,Genesis,genesis,850,,
2491,107,SEGA Saturn,sega-saturn,378,,
2492,119,SEGA CD,sega-cd,163,,
2493,117,SEGA 32X,sega-32x,46,,
2494,74,SEGA Master System,sega-master-system,240,,
2495,106,Dreamcast,dreamcast,380,,
2496,111,3DO,3do,101,,
2497,112,Jaguar,jaguar,40,,
2498,77,Game Gear,game-gear,230,,
2499,12,Neo Geo,neogeo,126,,
2500,4,PC,pc,562066,,
2501,187,PlayStation 5,playstation5,1536,2020.0,
2502,1,Xbox One,xbox-one,5745,,
2503,18,PlayStation 4,playstation4,7045,,
2504,186,Xbox Series S/X,xbox-series-x,1287,2020.0,
2505,7,Nintendo Switch,nintendo-switch,5789,,
2506,3,iOS,ios,77454,,
2507,21,Android,android,52536,,
2508,8,Nintendo 3DS,nintendo-3ds,1682,,
2509,9,Nintendo DS,nintendo-ds,2506,,
2510,13,Nintendo DSi,nintendo-dsi,37,,
2511,5,macOS,macos,108208,,
2512,6,Linux,linux,80556,,
2513,14,Xbox 360,xbox360,2833,,
2514,80,Xbox,xbox-old,881,,
2515,16,PlayStation 3,playstation3,3209,,
2516,15,PlayStation 2,playstation2,3151,,
2517,27,PlayStation,playstation1,1699,,
2518,19,PS Vita,ps-vita,1461,,
2519,17,PSP,psp,1456,,
2520,10,Wii U,wii-u,1114,,
2521,11,Wii,wii,2238,,
2522,105,GameCube,gamecube,673,,
2523,83,Nintendo 64,nintendo-64,363,,
2524,24,Game Boy Advance,game-boy-advance,964,,
2525,43,Game Boy Color,game-boy-color,429,,
2526,26,Game Boy,game-boy,617,,
2527,79,SNES,snes,991,,
2528,49,NES,nes,1025,,
2529,55,Classic Macintosh,macintosh,675,,
2530,41,Apple II,apple-ii,424,,
2531,166,Commodore / Amiga,commodore-amiga,2084,,
2532,28,Atari 7800,atari-7800,64,,
2533,31,Atari 5200,atari-5200,64,,
2534,23,Atari 2600,atari-2600,294,,
2535,22,Atari Flashback,atari-flashback,30,,
2536,25,Atari 8-bit,atari-8-bit,309,,
2537,34,Atari ST,atari-st,836,,
2538,46,Atari Lynx,atari-lynx,57,,
2539,50,Atari XEGS,atari-xegs,22,,
2540,167,Genesis,genesis,850,,
2541,107,SEGA Saturn,sega-saturn,378,,
2542,119,SEGA CD,sega-cd,163,,
2543,117,SEGA 32X,sega-32x,46,,
2544,74,SEGA Master System,sega-master-system,240,,
2545,106,Dreamcast,dreamcast,380,,
2546,111,3DO,3do,101,,
2547,112,Jaguar,jaguar,40,,
2548,77,Game Gear,game-gear,230,,
2549,12,Neo Geo,neogeo,126,,
